first_name,second_name,club_name,position,now_cost,points_per_game,total_points,minutes,goals_scored,assists,clean_sheets,goals_conceded,own_goals,penalties_saved,penalties_missed,yellow_cards,red_cards,saves,bonus,bps,influence,creativity,threat,ict_index,starts,expected_goals,expected_assists,expected_goal_involvements,expected_goals_conceded
Fábio,Ferreira Vieira,Arsenal,Midfielder,5.5,2.2,24,290,1,3,1,2,0,0,0,0,1,0,0,67,82.8,88.8,85.0,25.5,2,1.25,0.64,1.89,1.83
Gabriel,Fernando de Jesus,Arsenal,Forward,7.0,3.1,85,1470,4,7,11,11,0,0,0,6,0,0,10,271,364.8,403.0,756.0,152.7,17,6.27,3.26,9.53,11.67
Gabriel,dos Santos Magalhães,Arsenal,Defender,6.0,4.1,149,3042,3,1,16,26,1,0,0,4,0,0,8,676,675.8,121.9,379.0,117.9,34,4.48,0.65,5.13,26.18
Kai,Havertz,Arsenal,Forward,8.0,4.9,180,2627,13,10,16,22,0,0,0,11,0,0,15,515,763.2,613.4,1027.0,240.2,30,12.36,3.88,16.23,21.03
Karl,Hein,Arsenal,Goalkeeper,4.0,0.0,0,0,0,0,0,0,0,0,0,0,0,0,0,0,0.0,0.0,0.0,0.0,0,0.00,0.00,0.00,0.00
Jurriën,Timber,Arsenal,Defender,5.5,0.0,0,70,0,0,0,0,0,0,0,2,0,0,0,4,5.8,4.7,2.0,1.3,1,0.00,0.02,0.02,0.28
Jorge Luiz,Frello Filho,Arsenal,Midfielder,5.0,1.8,44,913,0,2,4,11,0,0,0,1,0,0,1,182,165.4,187.8,16.0,36.8,10,0.10,1.77,1.87,8.42
Jakub,Kiwior,Arsenal,Defender,5.0,3.4,67,942,1,3,6,8,0,0,0,1,0,0,1,260,228.8,106.9,90.0,42.7,11,0.74,0.60,1.34,5.15
Gabriel,Martinelli Silva,Arsenal,Midfielder,7.0,3.4,118,2010,6,5,10,23,0,0,0,1,0,0,6,404,500.4,717.1,795.0,200.8,24,6.36,5.18,11.53,14.88
Reiss,Nelson,Arsenal,Midfielder,5.0,1.1,16,256,0,0,1,1,0,0,0,1,0,0,0,58,42.8,87.7,39.0,16.9,1,0.18,0.43,0.61,2.18
Eddie,Nketiah,Arsenal,Forward,6.0,2.6,71,1065,5,4,6,10,0,0,0,3,0,0,5,206,235.0,136.3,417.0,77.2,10,4.65,0.53,5.18,10.21
Ethan,Nwaneri,Arsenal,Midfielder,4.5,1.0,1,13,0,0,0,0,0,0,0,0,0,0,0,3,2.0,12.3,4.0,1.8,0,0.00,0.05,0.05,0.13
Martin,Ødegaard,Arsenal,Midfielder,8.5,5.3,186,3098,8,11,19,23,0,0,0,2,0,0,26,703,910.4,1499.4,757.0,317.0,35,7.53,10.16,17.69,25.26
Aaron,Ramsdale,Arsenal,Goalkeeper,4.5,3.3,20,540,0,0,2,5,0,0,0,0,0,9,0,90,73.2,0.0,0.0,7.3,6,0.00,0.01,0.01,5.81
David,Raya Martin,Arsenal,Goalkeeper,5.5,4.2,135,2880,0,0,16,24,0,1,0,2,0,46,6,569,413.0,0.0,0.0,41.1,32,0.00,0.04,0.04,22.51
Declan,Rice,Arsenal,Midfielder,6.5,4.3,165,3225,7,9,17,28,0,0,0,5,0,0,17,744,959.4,745.3,451.0,215.9,37,3.53,5.09,8.62,27.08
Bukayo,Saka,Arsenal,Midfielder,10.0,6.5,226,2922,16,12,16,27,0,0,0,4,0,0,29,776,1093.8,1319.8,1342.0,375.7,35,15.40,10.90,26.29,25.66
William,Saliba,Arsenal,Defender,6.0,4.3,164,3420,2,1,18,29,0,0,0,4,0,0,13,781,697.2,152.1,140.0,99.1,38,1.70,0.90,2.60,28.32
Emile,Smith Rowe,Arsenal,Midfielder,5.5,1.9,25,343,0,2,3,3,0,0,0,0,0,0,0,73,62.4,72.2,128.0,25.6,3,1.86,0.40,2.26,2.10
Thomas,Partey,Arsenal,Midfielder,5.0,1.7,24,785,0,0,5,5,0,0,0,3,0,0,0,142,117.6,122.9,37.0,27.8,9,0.43,0.58,1.01,8.45
Kieran,Tierney,Arsenal,Defender,4.5,0.0,0,0,0,0,0,0,0,0,0,0,0,0,0,0,0.0,0.0,0.0,0.0,0,0.00,0.00,0.00,0.00
Tomiyasu,Takehiro,Arsenal,Defender,5.0,3.2,70,1140,2,1,6,10,0,0,0,0,1,0,4,244,247.0,141.8,143.0,52.8,10,1.74,0.68,2.42,14.03
Leandro,Trossard,Arsenal,Midfielder,7.0,4.1,138,1633,12,2,12,10,0,0,0,2,0,0,11,398,563.6,384.7,746.0,169.5,18,8.29,2.96,11.25,13.46
Benjamin,White,Arsenal,Defender,6.5,4.9,182,2987,4,5,18,26,0,0,0,8,0,0,14,776,765.8,589.4,234.0,159.0,35,1.27,3.66,4.93,24.95
Oleksandr,Zinchenko,Arsenal,Defender,5.0,3.9,104,1717,1,2,9,15,0,0,0,2,0,0,16,468,395.4,474.8,133.0,100.4,20,0.60,2.65,3.25,12.33
Álex,Moreno Lopera,Aston Villa,Defender,4.5,2.3,49,1024,2,0,3,20,1,0,0,2,0,0,5,211,217.8,156.9,152.0,52.7,11,1.11,0.98,2.09,18.50
Cameron,Archer,Aston Villa,Forward,5.0,2.7,82,1829,4,3,2,50,0,0,0,2,0,0,9,241,266.0,309.3,353.0,92.8,21,5.28,1.39,6.67,41.38
Leon,Bailey,Aston Villa,Midfielder,6.5,4.2,148,2063,10,11,5,32,0,0,0,5,0,0,11,482,663.2,707.1,623.0,199.1,22,6.29,7.17,13.46,36.17
Ross,Barkley,Aston Villa,Midfielder,5.5,3.2,101,2616,5,5,2,66,0,0,0,6,0,0,4,498,687.4,622.8,379.0,168.7,30,3.91,2.73,6.64,60.84
Enzo,Barrenechea,Aston Villa,Midfielder,5.0,0.0,0,0,0,0,0,0,0,0,0,0,0,0,0,0,0.0,0.0,0.0,0.0,0,0.00,0.00,0.00,0.00
Emiliano,Buendía Stati,Aston Villa,Midfielder,5.5,0.0,0,0,0,0,0,0,0,0,0,0,0,0,0,0,0.0,0.0,0.0,0.0,0,0.00,0.00,0.00,0.00
Matty,Cash,Aston Villa,Defender,4.5,2.2,64,2138,2,2,3,36,1,0,0,8,0,0,4,337,465.2,231.8,378.0,107.1,23,4.41,2.47,6.88,36.78
Leander,Dendoncker,Aston Villa,Midfielder,4.5,2.5,20,118,1,1,0,3,0,0,0,0,0,0,3,64,59.2,3.9,37.0,10.0,1,0.73,0.01,0.74,1.58
Moussa,Diaby,Aston Villa,Midfielder,6.5,3.7,142,2168,6,11,8,40,0,0,0,1,0,0,10,429,515.4,617.8,675.0,180.6,25,7.40,4.24,11.64,35.75
Diego Carlos,Santos Silva,Aston Villa,Defender,4.5,2.0,55,1809,0,0,6,36,0,0,0,4,0,0,1,338,370.4,59.8,100.0,53.2,20,1.95,0.35,2.30,33.17
Lucas,Digne,Aston Villa,Defender,4.5,2.6,85,2405,1,4,6,41,0,0,0,7,0,0,5,420,448.4,601.7,200.0,125.1,27,0.99,3.49,4.48,41.65
Lewis,Dobbin,Aston Villa,Midfielder,5.0,1.5,18,226,1,0,1,3,0,0,0,1,0,0,0,54,68.4,50.5,59.0,17.7,1,0.34,0.12,0.46,3.72
Jhon,Durán,Aston Villa,Forward,6.0,2.2,50,461,5,1,0,12,0,0,0,5,0,0,7,162,190.2,55.2,165.0,40.2,3,2.04,0.15,2.18,11.16
Joe,Gauci,Aston Villa,Goalkeeper,4.0,0.0,0,0,0,0,0,0,0,0,0,0,0,0,0,0,0.0,0.0,0.0,0.0,0,0.00,0.00,0.00,0.00
Kortney,Hause,Aston Villa,Defender,4.0,0.0,0,0,0,0,0,0,0,0,0,0,0,0,0,0,0.0,0.0,0.0,0.0,0,0.00,0.00,0.00,0.00
Samuel,Iling-Junior,Aston Villa,Midfielder,5.5,0.0,0,0,0,0,0,0,0,0,0,0,0,0,0,0,0.0,0.0,0.0,0.0,0,0.00,0.00,0.00,0.00
Boubacar,Kamara,Aston Villa,Midfielder,5.0,2.0,40,1653,0,1,7,22,0,0,0,7,1,0,1,247,256.2,292.7,44.0,59.1,20,0.13,1.39,1.52,24.68
Kaine,Kesler-Hayden,Aston Villa,Defender,4.0,1.0,3,5,0,0,0,0,0,0,0,0,0,0,0,9,0.0,0.0,0.0,0.0,0,0.00,0.00,0.00,0.11
Ezri,Konsa Ngoyo,Aston Villa,Defender,4.5,2.6,91,3069,1,1,7,54,0,0,0,5,0,0,7,562,554.4,170.6,223.0,95.0,35,2.56,1.01,3.57,52.28
Ian,Maatsen,Aston Villa,Defender,5.0,0.9,11,200,0,0,0,5,0,0,0,1,0,0,0,24,29.4,44.8,29.0,10.3,1,0.74,0.20,0.94,5.07
Filip,Marschall,Aston Villa,Goalkeeper,4.0,0.0,0,0,0,0,0,0,0,0,0,0,0,0,0,0,0.0,0.0,0.0,0.0,0,0.00,0.00,0.00,0.00
Emiliano,Martínez Romero,Aston Villa,Goalkeeper,5.0,3.4,115,3015,0,0,8,48,2,0,0,4,0,95,19,640,802.0,20.0,0.0,82.2,34,0.00,0.01,0.01,49.87
John,McGinn,Aston Villa,Midfielder,5.5,3.4,119,3000,6,5,7,54,0,0,0,9,1,0,9,502,640.4,690.7,360.0,169.4,35,5.01,4.99,10.00,49.85
Tyrone,Mings,Aston Villa,Defender,4.5,0.0,0,30,0,0,0,2,0,0,0,0,0,0,0,5,3.6,13.0,5.0,2.2,1,0.01,0.16,0.17,1.08
Kosta,Nedeljković,Aston Villa,Defender,4.0,0.0,0,0,0,0,0,0,0,0,0,0,0,0,0,0,0.0,0.0,0.0,0.0,0,0.00,0.00,0.00,0.00
Robin,Olsen,Aston Villa,Goalkeeper,4.5,3.4,17,405,0,0,0,13,0,1,0,0,0,21,3,107,194.6,0.0,0.0,19.5,4,0.00,0.00,0.00,10.03
Pau,Torres,Aston Villa,Defender,4.5,2.9,85,2462,2,0,6,37,0,0,0,1,0,0,4,461,479.4,150.6,135.0,76.6,27,0.96,0.71,1.67,40.00
Jacob,Ramsey,Aston Villa,Midfielder,5.5,1.8,29,848,1,1,0,12,0,0,0,2,0,0,0,101,124.0,159.3,182.0,46.7,8,2.09,1.38,3.47,12.85
Morgan,Rogers,Aston Villa,Midfielder,5.0,3.2,35,636,3,1,2,13,0,0,0,3,0,0,0,114,177.8,118.4,150.0,44.5,8,1.35,0.33,1.68,14.55
Viljami,Sinisalo,Aston Villa,Goalkeeper,4.0,0.0,0,0,0,0,0,0,0,0,0,0,0,0,0,0,0.0,0.0,0.0,0.0,0,0.00,0.00,0.00,0.00
Lino,da Cruz Sousa,Aston Villa,Defender,4.0,0.0,0,0,0,0,0,0,0,0,0,0,0,0,0,0,0.0,0.0,0.0,0.0,0,0.00,0.00,0.00,0.00
Youri,Tielemans,Aston Villa,Midfielder,5.5,2.4,77,1613,2,6,4,27,0,0,0,3,0,0,2,318,369.2,325.4,136.0,83.3,17,1.24,1.98,3.22,31.07
Ollie,Watkins,Aston Villa,Forward,9.0,6.2,228,3222,19,18,7,56,0,0,0,4,0,0,29,752,1024.6,588.5,1420.0,302.8,37,16.74,4.02,20.76,55.05
Jaden,Philogene,Aston Villa,Midfielder,5.5,0.0,0,0,0,0,0,0,0,0,0,0,0,0,0,0,0.0,0.0,0.0,0.0,0,0.00,0.00,0.00,0.00
Max,Aarons,Bournemouth,Defender,4.5,1.4,28,1233,0,1,2,35,0,0,0,1,0,0,0,199,179.6,114.0,27.0,31.8,13,0.04,0.89,0.93,26.75
Tyler,Adams,Bournemouth,Midfielder,5.0,1.7,5,118,0,0,0,3,0,0,0,0,0,0,1,28,24.6,14.1,10.0,4.9,1,0.00,0.03,0.03,1.81
Jaidon,Anthony,Bournemouth,Midfielder,4.5,1.0,3,151,0,0,0,5,0,0,0,1,0,0,0,4,9.0,4.6,16.0,3.0,2,0.07,0.02,0.09,4.44
David,Brooks,Bournemouth,Midfielder,5.0,1.8,23,271,1,1,0,7,0,0,0,1,0,0,2,71,88.2,112.4,113.0,31.4,2,2.45,0.47,2.92,6.08
Ryan,Christie,Bournemouth,Midfielder,5.0,2.4,90,2908,0,5,8,56,0,0,0,6,0,0,5,433,620.2,780.2,351.0,175.4,35,2.49,5.37,7.86,48.61
Lewis,Cook,Bournemouth,Midfielder,5.0,2.3,77,2787,0,3,8,51,0,0,0,5,1,0,5,446,520.2,681.9,67.0,127.2,32,0.42,2.92,3.34,50.30
Enes,Ünal,Bournemouth,Forward,5.5,2.5,40,317,2,4,1,9,0,0,0,1,0,0,3,99,142.4,58.6,242.0,43.7,2,2.84,0.13,2.97,4.49
Romain,Faivre,Bournemouth,Midfielder,5.0,0.8,4,37,0,0,0,1,0,0,0,1,0,0,0,9,5.0,2.5,13.0,1.8,0,0.15,0.03,0.18,0.14
Hamed,Traorè,Bournemouth,Midfielder,4.5,1.0,3,44,0,0,0,1,0,0,0,0,0,0,0,10,12.8,14.8,30.0,5.7,0,0.17,0.01,0.18,0.84
James,Hill,Bournemouth,Defender,4.0,1.0,5,74,0,0,0,1,0,0,0,0,0,0,0,22,32.6,2.2,0.0,3.5,1,0.00,0.01,0.01,1.34
Daniel,Jebbison,Bournemouth,Forward,4.5,1.0,1,20,0,0,0,0,0,0,0,0,0,0,0,3,0.0,0.1,4.0,0.4,0,0.00,0.00,0.00,0.94
Milos,Kerkez,Bournemouth,Defender,4.5,2.1,59,1966,0,2,6,37,1,0,0,4,1,0,1,290,310.0,216.5,150.0,67.7,22,1.32,1.06,2.38,36.85
Justin,Kluivert,Bournemouth,Midfielder,5.5,3.1,100,1910,7,1,11,23,0,0,0,5,0,0,2,229,362.2,283.2,619.0,126.4,26,5.76,1.68,7.44,30.07
Chris,Mepham,Bournemouth,Defender,4.5,1.6,16,613,0,1,1,16,0,0,0,2,0,0,0,113,142.6,40.0,27.0,21.0,6,0.09,0.17,0.26,10.34
Norberto,Murara Neto,Bournemouth,Goalkeeper,4.5,3.4,110,2880,0,0,7,55,0,1,0,5,0,113,14,592,875.2,0.0,0.0,87.5,32,0.00,0.01,0.01,49.66
Dango,Ouattara,Bournemouth,Midfielder,5.0,1.9,56,1214,1,2,5,24,0,0,0,3,0,0,3,207,298.4,245.4,332.0,87.8,12,2.65,1.10,3.75,21.13
Alex,Paulsen,Bournemouth,Goalkeeper,4.0,0.0,0,0,0,0,0,0,0,0,0,0,0,0,0,0,0.0,0.0,0.0,0.0,0,0.00,0.00,0.00,0.00
Philip,Billing,Bournemouth,Midfielder,5.0,2.1,60,1385,2,3,2,36,0,0,0,3,1,0,3,228,304.2,313.5,267.0,88.3,13,2.53,2.11,4.64,29.25
Alex,Scott,Bournemouth,Midfielder,5.0,1.8,41,1003,1,1,3,25,0,0,0,3,0,0,3,163,197.0,294.7,116.0,60.7,11,0.82,1.06,1.88,17.89
Antoine,Semenyo,Bournemouth,Midfielder,5.5,3.2,107,2099,8,4,8,33,0,0,0,6,0,0,14,363,506.8,411.2,748.0,166.8,25,4.69,2.19,6.87,34.41
Marcos,Senesi,Bournemouth,Defender,5.0,3.3,102,2239,4,5,6,44,0,0,0,13,0,0,13,486,735.0,311.2,147.0,119.7,26,1.98,2.27,4.25,40.83
Luis,Sinisterra,Bournemouth,Midfielder,5.0,2.1,43,685,2,2,1,18,0,0,0,0,0,0,2,149,221.4,251.4,343.0,81.7,7,2.62,1.03,3.65,11.39
Adam,Smith,Bournemouth,Defender,4.5,2.9,80,2148,0,3,8,33,0,0,0,6,0,0,4,378,336.4,296.5,27.0,66.1,25,0.05,1.50,1.55,33.02
Dominic,Solanke-Mitchell,Bournemouth,Forward,7.5,4.6,175,3325,19,3,10,61,0,0,1,3,0,0,20,560,902.0,479.6,1348.0,272.7,37,19.64,2.11,21.75,56.58
Marcus,Tavernier,Bournemouth,Midfielder,5.5,3.0,89,2118,3,4,8,38,0,0,0,3,0,0,5,324,468.4,649.4,460.0,157.8,25,3.88,4.24,8.12,32.42
Mark,Travers,Bournemouth,Goalkeeper,4.5,4.8,19,360,0,0,2,5,0,0,0,0,0,13,2,79,92.6,0.0,0.0,9.3,4,0.00,0.00,0.00,6.96
Illia,Zabarnyi,Bournemouth,Defender,4.5,2.3,84,3330,1,0,8,67,0,0,0,5,0,0,3,583,686.0,111.1,117.0,91.5,37,1.13,0.55,1.68,58.38
Kristoffer,Ajer,Brentford,Defender,4.5,2.4,68,1826,2,1,5,33,0,0,0,5,0,0,3,323,406.8,166.6,223.0,79.7,21,1.22,2.68,3.90,29.41
Ethan,Brierley,Brentford,Midfielder,4.5,0.0,0,0,0,0,0,0,0,0,0,0,0,0,0,0,0.0,0.0,0.0,0.0,0,0.00,0.00,0.00,0.00
Nathan,Collins,Brentford,Defender,4.5,2.6,84,2649,1,1,7,51,0,0,0,3,0,0,8,489,653.8,151.5,180.0,98.7,29,1.59,0.95,2.54,41.61
Mikkel,Damsgaard,Brentford,Midfielder,5.0,2.0,45,829,0,4,5,9,0,0,0,2,0,0,0,155,162.6,179.1,103.0,44.7,7,0.76,0.93,1.69,10.11
Josh,Dasilva,Brentford,Midfielder,5.0,1.0,3,22,0,0,0,0,0,0,0,0,0,0,0,6,6.8,15.4,14.0,3.6,0,0.00,0.23,0.23,0.10
Mark,Flekken,Brentford,Goalkeeper,4.5,3.2,119,3285,0,1,7,63,0,0,0,3,0,115,12,685,921.2,40.3,0.0,96.2,37,0.00,0.14,0.14,54.01
Rico,Henry,Brentford,Defender,4.5,2.6,13,401,0,1,1,5,0,0,0,1,0,0,0,74,72.8,67.9,17.0,15.7,5,0.07,0.90,0.97,5.12
Aaron,Hickey,Brentford,Defender,4.5,1.9,17,713,0,0,2,12,0,0,0,5,0,0,0,87,66.6,28.4,37.0,12.9,9,0.20,0.13,0.33,10.20
Vitaly,Janelt,Brentford,Midfielder,5.0,2.4,93,3054,1,4,9,52,0,0,0,8,0,0,1,466,503.4,562.5,285.0,135.3,37,1.82,3.44,5.26,47.65
Mathias,Jensen,Brentford,Midfielder,5.5,3.1,98,2201,3,4,9,45,0,0,0,5,0,0,10,422,481.2,689.3,135.0,130.4,27,0.71,4.89,5.60,36.36
Kim,Ji-soo,Brentford,Defender,4.0,0.0,0,0,0,0,0,0,0,0,0,0,0,0,0,0,0.0,0.0,0.0,0.0,0,0.00,0.00,0.00,0.00
Yunus Emre,Konak,Brentford,Midfielder,4.5,0.0,0,0,0,0,0,0,0,0,0,0,0,0,0,0,0.0,0.0,0.0,0.0,0,0.00,0.00,0.00,0.00
Keane,Lewis-Potter,Brentford,Midfielder,5.0,2.4,73,1428,3,2,6,29,0,0,0,0,0,0,1,186,280.0,203.8,573.0,105.6,15,6.42,1.66,8.07,20.21
Bryan,Mbeumo,Brentford,Midfielder,7.0,5.1,127,1957,9,7,5,31,0,0,0,2,0,0,12,364,554.2,572.1,576.0,170.1,22,9.70,5.67,15.37,28.31
Ben,Mee,Brentford,Defender,4.5,2.4,39,1272,2,1,1,28,0,0,0,1,1,0,3,210,334.8,88.2,118.0,54.2,15,1.57,0.78,2.35,24.80
Christian,Nørgaard,Brentford,Midfielder,5.0,2.4,74,2504,2,1,6,51,0,0,0,8,0,0,3,414,501.8,396.2,316.0,121.8,30,3.61,2.44,6.05,43.31
Frank,Onyeka,Brentford,Midfielder,5.0,1.5,39,1147,1,2,1,27,0,0,0,8,0,0,0,150,259.0,178.3,189.0,62.6,11,2.09,1.44,3.53,21.94
Myles,Peart-Harris,Brentford,Midfielder,4.5,1.0,3,11,0,0,0,0,0,0,0,0,0,0,0,6,2.2,10.9,2.0,1.5,0,0.00,0.00,0.00,0.07
Ethan,Pinnock,Brentford,Defender,4.5,2.7,77,2521,2,0,5,46,0,0,0,1,0,0,5,479,653.2,63.4,221.0,94.2,28,2.01,0.83,2.84,39.14
Mads,Roerslev Rasmussen,Brentford,Defender,4.5,2.2,75,1975,1,2,5,40,0,0,0,1,0,0,3,354,382.0,281.3,94.0,76.3,22,1.05,1.34,2.39,37.71
Kevin,Schade,Brentford,Midfielder,5.5,3.0,33,327,2,2,1,5,0,0,0,0,0,0,2,81,105.8,58.3,100.0,26.2,3,1.29,0.72,2.01,3.58
Igor Thiago,Nascimento Rodrigues,Brentford,Forward,6.0,0.0,0,0,0,0,0,0,0,0,0,0,0,0,0,0,0.0,0.0,0.0,0.0,0,0.00,0.00,0.00,0.00
Ivan,Toney,Brentford,Forward,7.5,3.4,57,1449,4,3,3,30,0,0,0,5,0,0,4,159,289.6,206.5,524.0,101.7,16,5.72,1.51,7.23,27.82
Hákon,Valdimarsson,Brentford,Goalkeeper,4.0,0.0,0,0,0,0,0,0,0,0,0,0,0,0,0,0,0.0,0.0,0.0,0.0,0,0.00,0.00,0.00,0.00
Yoane,Wissa,Brentford,Forward,6.0,3.9,131,2488,12,4,11,40,0,0,0,7,0,0,15,457,592.8,384.0,769.0,173.2,29,10.54,1.82,12.36,37.55
Yehor,Yarmoliuk,Brentford,Midfielder,4.5,1.2,33,670,0,0,4,9,0,0,0,2,0,0,0,95,98.4,66.9,127.0,29.0,6,0.94,1.00,1.94,9.42
Mathias,Jorgensen,Brentford,Defender,4.5,2.1,29,1086,1,0,2,24,0,0,0,4,0,0,3,179,216.0,94.0,90.0,40.0,12,0.74,0.55,1.29,19.72
Simon,Adingra,Brighton,Midfielder,5.5,3.1,97,2220,6,1,4,38,0,0,0,3,0,0,8,330,477.6,507.8,751.0,173.4,25,4.19,3.26,7.45,36.64
Benicio,Baker-Boaitey,Brighton,Midfielder,4.5,0.8,4,37,0,0,0,1,0,0,0,1,0,0,0,10,4.6,12.6,4.0,1.9,0,0.02,0.10,0.12,0.80
Carlos,Baleba,Brighton,Midfielder,5.0,1.3,34,1314,0,0,2,28,0,0,0,7,0,0,0,174,179.8,134.7,72.0,38.8,15,0.85,0.24,1.08,23.59
Valentín,Barco,Brighton,Defender,4.0,0.8,5,307,0,0,0,9,0,0,0,1,0,0,0,33,44.8,69.6,39.0,15.5,3,0.20,0.38,0.58,5.10
Facundo,Buonanotte,Brighton,Midfielder,5.0,2.1,57,1356,3,1,6,19,0,0,0,7,0,0,1,160,254.8,291.3,238.0,78.4,17,2.34,1.16,3.50,21.14
Amario,Cozier-Duberry,Brighton,Midfielder,4.5,0.0,0,0,0,0,0,0,0,0,0,0,0,0,0,0,0.0,0.0,0.0,0.0,0,0.00,0.00,0.00,0.00
Mahmoud,Dahoud,Brighton,Midfielder,5.0,1.6,14,449,0,1,1,6,0,0,0,1,1,0,0,68,70.4,127.2,24.0,21.7,6,0.22,0.54,0.76,5.16
Lewis,Dunk,Brighton,Defender,4.5,2.7,89,2869,3,1,5,53,0,0,0,6,1,0,11,567,823.0,205.4,389.0,141.7,33,3.15,2.24,5.38,49.76
Julio,Enciso,Brighton,Midfielder,5.5,1.7,20,468,0,2,0,12,0,0,0,2,0,0,0,62,81.0,131.7,157.0,36.9,5,1.38,1.28,2.66,9.71
Pervis,Estupiñán,Brighton,Defender,5.0,3.0,57,1242,2,3,3,26,1,0,0,4,0,0,7,291,350.8,382.6,156.0,89.0,15,1.00,2.22,3.22,26.50
Evan,Ferguson,Brighton,Forward,5.5,2.6,69,1356,6,1,2,28,0,0,0,1,0,0,5,218,275.0,106.7,393.0,77.3,15,4.49,0.77,5.26,22.16
Billy,Gilmour,Brighton,Midfielder,5.0,2.0,61,2116,0,3,6,37,0,0,0,8,1,0,4,354,291.4,481.5,104.0,87.7,24,0.98,2.56,3.54,36.04
Pascal,Groß,Brighton,Midfielder,6.5,4.2,153,3112,4,11,7,50,0,0,0,6,0,0,29,724,988.6,1674.9,434.0,309.9,34,6.40,8.89,15.29,51.16
Jack,Hinshelwood,Brighton,Midfielder,5.0,3.5,42,866,3,0,2,17,0,0,0,1,0,0,5,155,200.2,118.9,230.0,55.0,8,2.10,0.36,2.46,14.30
Ibrahim,Osman,Brighton,Midfielder,5.0,0.0,0,0,0,0,0,0,0,0,0,0,0,0,0,0,0.0,0.0,0.0,0.0,0,0.00,0.00,0.00,0.00
Igor Julio,dos Santos de Paulo,Brighton,Defender,4.5,1.5,37,1631,0,0,2,26,0,0,0,4,0,0,1,311,297.8,135.5,23.0,45.8,17,0.25,0.50,0.75,24.36
João Pedro,Junqueira de Jesus,Brighton,Forward,5.5,3.4,104,2037,9,3,5,38,0,0,1,2,0,0,12,406,622.4,578.8,932.0,213.4,19,12.01,4.64,16.65,32.63
Kacper,Kozłowski,Brighton,Midfielder,4.5,0.0,0,0,0,0,0,0,0,0,0,0,0,0,0,0,0.0,0.0,0.0,0.0,0,0.00,0.00,0.00,0.00
Tariq,Lamptey,Brighton,Defender,4.5,1.6,31,908,0,3,1,20,0,0,0,3,0,0,0,155,144.6,173.7,60.0,37.6,10,0.34,0.90,1.24,14.35
Solly,March,Brighton,Midfielder,6.5,5.6,39,555,3,1,2,11,0,0,0,1,0,0,6,134,197.4,126.5,139.0,46.4,7,2.10,0.97,3.07,10.50
Adrian,Mazilu,Brighton,Midfielder,4.5,0.0,0,0,0,0,0,0,0,0,0,0,0,0,0,0,0.0,0.0,0.0,0.0,0,0.00,0.00,0.00,0.00
James,Milner,Brighton,Midfielder,5.0,1.9,28,770,0,2,4,12,0,0,0,3,0,0,0,146,152.8,253.5,61.0,46.8,11,0.29,2.18,2.47,12.81
Yankuba,Minteh,Brighton,Midfielder,5.5,0.0,0,0,0,0,0,0,0,0,0,0,0,0,0,0,0.0,0.0,0.0,0.0,0,0.00,0.00,0.00,0.00
Mitoma,Kaoru,Brighton,Midfielder,6.5,3.9,74,1485,3,7,1,27,0,0,0,4,0,0,7,252,327.6,375.1,636.0,134.0,15,3.49,3.56,7.05,24.64
Jakub,Moder,Brighton,Midfielder,4.5,1.2,21,608,0,0,1,13,0,0,0,2,0,0,0,89,87.2,82.3,84.0,25.4,6,0.78,0.67,1.45,12.60
Mark,O’Mahony,Brighton,Forward,4.5,0.7,2,61,0,0,0,1,0,0,0,1,0,0,0,5,6.0,1.6,6.0,1.3,1,0.06,0.00,0.06,1.28
Odeluga,Offiah,Brighton,Defender,4.0,1.0,4,126,0,0,0,3,0,0,0,0,0,0,0,21,6.4,5.5,4.0,1.6,1,0.00,0.03,0.03,2.56
Cameron,Peupion,Brighton,Midfielder,4.5,0.0,0,0,0,0,0,0,0,0,0,0,0,0,0,0,0.0,0.0,0.0,0.0,0,0.00,0.00,0.00,0.00
Jeremy,Sarmiento Morante,Brighton,Midfielder,5.0,0.0,0,0,0,0,0,0,0,0,0,0,0,0,0,0,0.0,0.0,0.0,0.0,0,0.00,0.00,0.00,0.00
Jason,Steele,Brighton,Goalkeeper,4.5,2.5,42,1530,0,0,2,34,0,0,0,0,0,43,5,300,382.2,0.1,0.0,38.2,17,0.00,0.00,0.00,24.86
Deniz,Undav,Brighton,Forward,5.5,0.0,0,0,0,0,0,0,0,0,0,0,0,0,0,0,0.0,0.0,0.0,0.0,0,0.00,0.00,0.00,0.00
Jan Paul,van Hecke,Brighton,Defender,4.5,2.2,61,2368,0,0,5,38,0,0,0,4,0,0,3,454,631.8,176.4,175.0,98.5,26,1.42,0.93,2.35,37.22
Joël,Veltman,Brighton,Defender,4.5,1.8,49,1579,1,1,3,32,0,0,0,4,0,0,0,294,320.8,97.8,98.0,51.8,17,0.46,0.53,0.99,25.63
Bart,Verbruggen,Brighton,Goalkeeper,4.5,3.2,68,1890,0,0,4,28,0,0,0,3,0,65,7,417,541.4,1.0,0.0,54.3,21,0.00,0.00,0.00,31.60
Adam,Webster,Brighton,Defender,4.5,1.7,26,1142,0,0,2,22,1,0,0,2,0,0,2,212,252.2,89.3,54.0,39.7,13,0.50,0.33,0.83,18.16
Danny,Welbeck,Brighton,Forward,5.5,2.7,79,1687,5,4,8,28,0,0,0,4,0,0,5,261,326.2,320.9,492.0,114.0,21,5.09,1.46,6.55,27.78
Mats,Wieffer,Brighton,Midfielder,5.0,0.0,0,0,0,0,0,0,0,0,0,0,0,0,0,0,0.0,0.0,0.0,0.0,0,0.00,0.00,0.00,0.00
Andrey,Nascimento dos Santos,Chelsea,Midfielder,4.5,1.0,1,7,0,0,0,0,0,0,0,0,0,0,0,1,0.0,0.5,3.0,0.2,0,0.06,0.00,0.06,0.02
Ângelo Gabriel,Borges Damaceno,Chelsea,Midfielder,4.5,0.0,0,0,0,0,0,0,0,0,0,0,0,0,0,0,0.0,0.0,0.0,0.0,0,0.00,0.00,0.00,0.00
Kepa,Arrizabalaga,Chelsea,Goalkeeper,4.5,0.0,0,0,0,0,0,0,0,0,0,0,0,0,0,0,0.0,0.0,0.0,0.0,0,0.00,0.00,0.00,0.00
Benoît,Badiashile,Chelsea,Defender,4.5,1.9,35,1337,0,1,3,31,1,0,0,3,0,0,4,267,336.4,87.4,51.0,47.5,15,0.27,0.92,1.19,25.42
Lucas,Bergström,Chelsea,Goalkeeper,4.0,0.0,0,0,0,0,0,0,0,0,0,0,0,0,0,0,0.0,0.0,0.0,0.0,0,0.00,0.00,0.00,0.00
Marcus,Bettinelli,Chelsea,Goalkeeper,4.0,0.0,-1,0,0,0,0,0,0,0,0,1,0,0,0,-3,0.0,0.0,0.0,0.0,0,0.00,0.00,0.00,0.00
Armando,Broja,Chelsea,Forward,5.5,1.7,35,529,1,2,3,9,0,0,0,0,0,0,0,72,75.6,70.3,152.0,29.0,6,2.24,0.23,2.47,8.40
Moisés,Caicedo Corozo,Chelsea,Midfielder,5.0,2.4,84,2865,1,3,7,50,0,0,0,11,0,0,6,466,613.6,403.2,68.0,108.2,33,0.42,2.01,2.43,46.79
Cesare,Casadei,Chelsea,Midfielder,4.5,1.0,11,71,0,0,0,3,0,0,0,0,0,0,0,38,19.8,27.4,2.0,5.1,0,0.00,0.08,0.08,3.48
Trevoh,Chalobah,Chelsea,Defender,4.5,3.0,39,949,1,0,3,14,0,0,0,1,0,0,4,221,250.8,45.4,38.0,33.4,10,0.20,0.16,0.36,15.26
Ben,Chilwell,Chelsea,Defender,5.0,1.8,24,752,0,2,1,14,0,0,0,5,0,0,2,123,128.4,212.8,139.0,48.0,9,1.11,1.62,2.73,12.50
Carney,Chukwuemeka,Chelsea,Midfielder,5.0,1.8,16,222,1,1,0,5,0,0,0,2,0,0,0,53,78.4,68.6,52.0,19.9,2,0.12,0.29,0.41,4.60
Levi,Colwill,Chelsea,Defender,4.5,2.8,65,1794,1,1,5,26,0,0,0,2,0,0,4,355,394.6,113.2,163.0,67.2,20,1.29,0.53,1.82,28.43
Marc,Cucurella Saseta,Chelsea,Defender,5.0,2.1,44,1783,0,3,4,33,1,0,0,10,0,0,3,318,384.4,283.9,122.0,79.3,20,1.16,1.01,2.17,31.18
David Datro,Fofana,Chelsea,Forward,5.5,3.3,50,876,4,1,1,18,0,0,0,1,0,0,8,133,212.0,111.7,273.0,59.2,10,4.58,0.30,4.88,16.91
Deivid Washington,de Souza Eugênio,Chelsea,Forward,5.0,1.0,2,11,0,0,0,1,0,0,0,0,0,0,0,5,0.0,0.1,4.0,0.4,0,0.47,0.00,0.47,1.68
Kiernan,Dewsbury-Hall,Chelsea,Midfielder,6.0,0.0,0,0,0,0,0,0,0,0,0,0,0,0,0,0,0.0,0.0,0.0,0.0,0,0.00,0.00,0.00,0.00
Axel,Disasi,Chelsea,Defender,4.5,2.3,71,2579,2,0,5,50,1,0,0,6,0,0,6,468,573.2,105.5,172.0,85.1,29,2.35,1.46,3.81,43.96
Enzo,Fernández,Chelsea,Midfielder,5.0,2.8,77,2208,3,3,5,47,0,0,1,7,0,0,4,369,527.2,567.7,369.0,146.3,26,5.72,3.78,9.50,40.13
Conor,Gallagher,Chelsea,Midfielder,6.0,3.5,129,3129,5,8,8,56,0,0,0,7,1,0,10,618,754.8,821.5,401.0,197.4,37,4.01,3.53,7.54,52.43
Alfie,Gilchrist,Chelsea,Defender,4.0,1.8,20,200,1,0,1,6,0,0,0,1,0,0,0,67,70.6,8.6,33.0,11.1,2,0.32,0.05,0.37,5.46
Malo,Gusto,Chelsea,Defender,5.0,2.7,74,1746,0,6,5,28,0,0,0,7,1,0,10,409,434.8,494.8,174.0,110.4,19,1.01,3.39,4.40,26.12
Reece,James,Chelsea,Defender,5.0,1.1,11,416,0,2,0,13,0,0,0,0,2,0,0,106,137.4,172.1,61.0,37.1,5,0.30,1.36,1.66,11.31
Omari,Kellyman,Chelsea,Midfielder,4.5,1.0,2,35,0,0,0,1,0,0,0,0,0,0,0,6,2.6,0.5,2.0,0.5,0,0.04,0.00,0.04,1.03
Roméo,Lavia,Chelsea,Midfielder,4.5,1.0,1,32,0,0,0,0,0,0,0,0,0,0,0,2,3.6,1.9,0.0,0.6,0,0.00,0.01,0.01,0.33
Romelu,Lukaku Bolingoli,Chelsea,Forward,6.5,0.0,0,0,0,0,0,0,0,0,0,0,0,0,0,0,0.0,0.0,0.0,0.0,0,0.00,0.00,0.00,0.00
Malang,Sarr,Chelsea,Defender,4.5,0.0,0,0,0,0,0,0,0,0,0,0,0,0,0,0,0.0,0.0,0.0,0.0,0,0.00,0.00,0.00,0.00
Noni,Madueke,Chelsea,Midfielder,6.5,3.3,76,1044,5,3,4,19,0,0,0,2,0,0,7,253,341.6,287.5,401.0,102.8,13,2.51,2.13,4.64,18.37
Marc,Guiu Paz,Chelsea,Forward,5.0,0.0,0,0,0,0,0,0,0,0,0,0,0,0,0,0,0.0,0.0,0.0,0.0,0,0.00,0.00,0.00,0.00
Mykhailo,Mudryk,Chelsea,Midfielder,6.5,3.0,94,1564,5,5,7,28,0,0,0,5,0,0,5,291,347.2,457.5,420.0,122.4,18,4.77,3.15,7.92,25.05
Nicolas,Jackson,Chelsea,Forward,7.5,4.1,142,2801,14,6,9,48,0,0,0,10,0,0,12,479,783.8,501.7,1098.0,237.7,31,18.14,3.00,21.14,47.46
Christopher,Nkunku,Chelsea,Midfielder,6.5,2.6,29,437,3,0,0,12,0,0,0,0,0,0,4,96,134.6,74.5,222.0,42.7,2,2.47,0.37,2.84,8.74
Cole,Palmer,Chelsea,Midfielder,10.5,7.2,244,2617,22,13,7,46,0,0,0,7,0,0,32,844,1240.2,1022.5,1016.0,327.8,29,17.35,8.17,25.52,45.48
Đorđe,Petrović,Chelsea,Goalkeeper,4.5,3.1,71,1986,0,0,5,38,0,0,0,2,0,75,5,414,567.8,0.0,0.0,56.8,22,0.00,0.00,0.00,34.93
Renato,Palma Veiga,Chelsea,Midfielder,4.5,0.0,0,0,0,0,0,0,0,0,0,0,0,0,0,0,0.0,0.0,0.0,0.0,0,0.00,0.00,0.00,0.00
Robert,Sánchez,Chelsea,Goalkeeper,4.5,3.7,59,1433,0,0,3,25,0,1,0,2,0,53,7,317,450.6,0.1,0.0,45.2,16,0.00,0.00,0.00,23.72
Raheem,Sterling,Chelsea,Midfielder,7.0,4.0,123,1972,8,8,5,38,0,0,0,7,0,0,8,323,502.8,473.7,747.0,172.1,22,6.39,4.33,10.72,32.83
Tosin,Adarabioyo,Chelsea,Defender,4.5,3.3,66,1616,2,0,6,25,0,0,0,2,0,0,2,327,431.8,39.3,152.0,62.4,18,0.78,0.32,1.10,28.19
Lesley,Ugochukwu,Chelsea,Midfielder,4.5,1.1,13,296,0,0,1,6,0,0,0,2,0,0,0,62,60.8,44.4,4.0,10.9,3,0.00,0.14,0.14,7.59
Wesley,Fofana,Chelsea,Defender,4.5,0.0,0,0,0,0,0,0,0,0,0,0,0,0,0,0,0.0,0.0,0.0,0.0,0,0.00,0.00,0.00,0.00
Naouirou,Ahamada,Crystal Palace,Midfielder,4.5,0.8,16,332,0,0,0,14,0,0,0,2,1,0,0,52,41.2,25.2,61.0,12.9,0,0.40,0.12,0.52,8.93
Joachim,Andersen,Crystal Palace,Defender,4.5,3.2,121,3416,2,3,10,58,0,0,0,7,0,0,12,679,873.6,301.1,253.0,143.1,38,1.75,2.08,3.83,53.71
Jordan,Ayew,Crystal Palace,Midfielder,5.5,3.1,109,2540,4,7,11,39,0,0,0,7,1,0,3,325,517.6,445.2,550.0,151.1,30,3.97,2.55,6.52,36.77
Cheick,Doucouré,Crystal Palace,Midfielder,5.0,1.9,21,920,0,0,3,12,0,0,0,2,0,0,0,141,165.8,138.5,36.0,34.2,11,0.28,0.76,1.04,13.76
Chris,Richards,Crystal Palace,Defender,4.5,2.4,62,2091,1,1,4,38,0,0,0,3,0,0,4,370,456.2,87.5,108.0,65.2,23,0.60,0.17,0.77,33.16
Chadi,Riad Dnanou,Crystal Palace,Defender,4.5,0.0,0,0,0,0,0,0,0,0,0,0,0,0,0,0,0.0,0.0,0.0,0.0,0,0.00,0.00,0.00,0.00
Nathaniel,Clyne,Crystal Palace,Defender,4.5,2.7,52,1335,0,1,5,16,0,0,0,0,0,0,0,259,179.6,67.8,21.0,27.0,14,0.21,0.21,0.42,21.65
Malcolm,Ebiowei,Crystal Palace,Midfielder,4.5,0.0,0,0,0,0,0,0,0,0,0,0,0,0,0,0,0.0,0.0,0.0,0.0,0,0.00,0.00,0.00,0.00
Odsonne,Edouard,Crystal Palace,Forward,5.5,2.6,79,1545,7,0,6,24,0,0,0,4,0,0,9,246,359.6,256.7,663.0,128.0,17,6.33,0.86,7.19,20.54
Eberechi,Eze,Crystal Palace,Midfielder,7.0,5.0,136,2054,11,5,8,28,0,0,0,3,0,0,11,490,740.4,810.0,735.0,228.7,24,9.12,5.66,14.78,32.39
Marc,Guéhi,Crystal Palace,Defender,4.5,2.6,66,2020,0,1,6,32,0,0,0,2,0,0,6,397,417.8,106.6,35.0,56.1,23,0.58,1.00,1.58,31.51
Dean,Henderson,Crystal Palace,Goalkeeper,4.5,2.7,48,1620,0,0,4,30,2,0,0,2,0,58,2,293,434.8,0.0,0.0,43.7,18,0.00,0.01,0.01,26.47
Rob,Holding,Crystal Palace,Defender,4.5,0.0,0,0,0,0,0,0,0,0,0,0,0,0,0,0,0.0,0.0,0.0,0.0,0,0.00,0.00,0.00,0.00
Will,Hughes,Crystal Palace,Midfielder,5.0,2.0,61,1886,0,2,8,38,0,0,0,6,0,0,2,252,319.2,338.6,67.0,72.3,23,0.31,1.70,2.01,30.83
Sam,Johnstone,Crystal Palace,Goalkeeper,4.5,3.4,68,1796,0,0,6,27,0,0,0,1,0,41,7,310,321.4,0.0,0.0,32.2,20,0.00,0.00,0.00,27.17
Daichi,Kamada,Crystal Palace,Midfielder,5.5,0.0,0,0,0,0,0,0,0,0,0,0,0,0,0,0,0.0,0.0,0.0,0.0,0,0.00,0.00,0.00,0.00
Jefferson,Lerma Solís,Crystal Palace,Midfielder,5.0,2.3,64,2399,1,1,5,46,0,0,0,8,0,0,4,338,417.6,366.1,240.0,102.4,27,2.61,1.78,4.39,38.16
Jean-Philippe,Mateta,Crystal Palace,Forward,7.5,4.7,165,2274,16,7,8,44,0,0,0,3,0,0,22,563,775.0,404.0,741.0,191.9,25,10.84,1.30,12.14,40.46
Matheus,França de Oliveira,Crystal Palace,Midfielder,4.5,1.6,16,224,0,2,0,7,0,0,0,1,0,0,0,47,36.4,77.7,53.0,16.5,1,0.33,0.46,0.79,3.49
Remi,Matthews,Crystal Palace,Goalkeeper,4.0,1.0,1,3,0,0,0,1,0,0,0,0,0,0,0,3,1.0,0.0,0.0,0.1,0,0.00,0.00,0.00,0.07
Tyrick,Mitchell,Crystal Palace,Defender,5.0,3.2,119,3204,2,3,10,55,0,0,0,6,0,0,10,590,669.8,393.7,209.0,127.4,37,1.27,2.39,3.66,50.84
Daniel,Muñoz,Crystal Palace,Defender,5.0,3.5,56,1440,0,4,5,22,0,0,0,4,0,0,3,270,331.0,265.6,119.0,71.7,16,1.26,1.26,2.52,19.71
David,Ozoh,Crystal Palace,Midfielder,4.5,0.9,8,148,0,0,0,5,0,0,0,1,0,0,0,27,25.2,4.0,0.0,2.9,0,0.00,0.01,0.01,3.06
Jesurun,Rak-Sakyi,Crystal Palace,Midfielder,4.5,1.3,8,132,0,0,1,3,0,0,0,0,0,0,0,21,23.2,28.2,58.0,11.0,0,0.41,0.14,0.54,3.21
Jeffrey,Schlupp,Crystal Palace,Midfielder,5.0,2.3,66,1340,2,2,4,25,0,0,0,1,0,0,4,201,279.8,234.2,229.0,74.1,17,1.70,1.41,3.11,22.46
Joel,Ward,Crystal Palace,Defender,4.5,2.1,54,1978,0,1,5,34,1,0,0,4,0,0,0,304,348.2,79.0,41.0,46.8,23,0.88,0.25,1.13,30.96
Adam,Wharton,Crystal Palace,Midfielder,5.0,3.1,50,1296,0,3,7,16,0,0,0,2,0,0,4,222,255.0,287.9,29.0,57.3,15,0.38,1.50,1.87,18.04
Abdoulaye,Doucouré,Everton,Midfielder,5.5,3.6,116,2632,7,3,12,36,0,0,0,7,0,0,7,335,462.4,456.5,687.0,161.0,32,8.70,1.51,10.21,42.26
Norberto Bercique,Gomes Betuncal,Everton,Forward,5.0,1.7,50,943,3,0,2,20,0,0,1,2,0,0,3,105,158.8,139.6,425.0,71.3,9,6.46,0.30,6.76,18.11
Jarrad,Branthwaite,Everton,Defender,5.0,3.5,124,3116,3,1,12,44,0,0,0,8,0,0,10,621,789.4,67.2,185.0,104.3,35,1.62,1.29,2.91,49.43
Dominic,Calvert-Lewin,Everton,Forward,6.0,3.2,101,2166,7,3,13,27,0,0,0,2,0,0,9,259,403.0,255.6,901.0,154.8,26,12.86,1.58,14.43,31.91
Séamus,Coleman,Everton,Defender,4.5,2.5,30,661,0,0,4,10,1,0,0,0,0,0,3,141,108.6,49.9,6.0,16.5,7,0.00,0.70,0.70,10.48
Idrissa,Gueye,Everton,Midfielder,5.0,2.9,73,1885,4,0,7,25,0,0,0,8,0,0,10,337,406.8,237.1,154.0,79.7,24,1.25,0.82,2.07,29.41
James,Garner,Everton,Midfielder,5.0,2.4,87,3001,1,2,11,47,0,0,0,7,0,0,3,421,526.6,663.1,244.0,143.5,34,2.62,3.75,6.37,48.61
Jack,Harrison,Everton,Midfielder,5.5,3.2,92,2212,3,3,11,26,0,0,0,1,0,0,5,292,397.4,405.7,339.0,114.3,25,3.68,3.02,6.70,34.15
Mason,Holgate,Everton,Defender,4.0,0.1,1,711,0,0,0,27,0,0,0,3,1,0,0,69,117.8,22.7,19.0,15.9,9,0.55,0.20,0.75,19.41
Tim,Iroegbunam,Everton,Midfielder,4.5,1.1,10,157,0,0,0,7,0,0,0,0,0,0,0,29,18.6,4.0,0.0,2.1,1,0.00,0.00,0.00,4.95
João,Neves Virgínia,Everton,Goalkeeper,4.0,0.0,0,0,0,0,0,0,0,0,0,0,0,0,0,0,0.0,0.0,0.0,0.0,0,0.00,0.00,0.00,0.00
Michael,Keane,Everton,Defender,4.0,2.0,18,437,1,0,1,13,0,0,0,2,0,0,2,72,108.2,4.6,92.0,20.5,4,0.56,0.06,0.62,10.81
Neal,Maupay,Everton,Forward,5.0,2.5,76,1417,6,3,4,37,0,0,0,8,0,0,6,248,325.8,242.5,568.0,112.6,14,6.89,1.99,8.88,26.36
Dwight,McNeil,Everton,Midfielder,5.5,3.5,124,2891,3,8,12,39,0,0,0,2,0,0,8,515,615.4,1110.8,400.0,212.7,33,3.26,7.90,11.16,45.06
Vitalii,Mykolenko,Everton,Defender,4.5,3.6,101,2469,2,1,9,37,0,0,0,1,0,0,9,452,517.4,239.8,211.0,96.8,28,1.49,1.07,2.56,39.97
Iliman,Ndiaye,Everton,Forward,5.5,0.0,0,0,0,0,0,0,0,0,0,0,0,0,0,0,0.0,0.0,0.0,0.0,0,0.00,0.00,0.00,0.00
Amadou,Onana,Everton,Midfielder,5.0,2.2,66,2085,2,0,5,38,0,0,0,5,0,0,5,304,354.0,282.7,254.0,89.5,23,2.22,1.39,3.61,36.94
Nathan,Patterson,Everton,Defender,4.5,1.7,34,1000,0,2,2,21,0,0,0,4,0,0,3,187,207.2,138.2,26.0,37.3,9,0.34,1.03,1.37,20.60
Jordan,Pickford,Everton,Goalkeeper,5.0,4.0,153,3420,0,0,13,51,1,0,0,5,0,121,22,734,969.2,43.4,0.0,101.3,38,0.00,0.46,0.46,56.01
James,Tarkowski,Everton,Defender,5.0,3.1,117,3420,1,1,13,51,0,0,0,11,0,0,10,649,915.4,269.6,320.0,150.9,38,2.55,2.66,5.21,55.64
Youssef,Ramalho Chermiti,Everton,Forward,5.0,0.9,16,196,0,0,1,4,0,0,0,3,0,0,0,28,19.2,51.2,84.0,14.9,1,0.74,0.30,1.04,5.04
Ashley,Young,Everton,Defender,4.5,2.5,76,2277,0,1,9,34,1,0,0,5,1,0,3,375,284.8,365.2,87.0,74.0,27,0.67,1.51,2.18,37.73
Adama,Traoré,Fulham,Midfielder,5.0,2.1,36,363,2,3,0,13,0,0,0,2,0,0,1,113,164.2,108.1,140.0,41.3,1,1.49,0.88,2.37,11.28
Andreas,Hoelgebaum Pereira,Fulham,Midfielder,5.5,3.4,127,2611,3,9,14,40,0,0,0,6,0,0,7,459,503.6,1254.3,417.0,217.8,34,4.52,5.72,10.24,42.91
Calvin,Bassey,Fulham,Defender,4.5,2.3,66,2299,1,0,6,42,0,0,0,4,1,0,4,442,462.8,34.8,50.0,55.0,25,0.37,0.16,0.53,40.83
Steven,Benda,Fulham,Goalkeeper,4.0,0.0,0,0,0,0,0,0,0,0,0,0,0,0,0,0,0.0,0.0,0.0,0.0,0,0.00,0.00,0.00,0.00
Tom,Cairney,Fulham,Midfielder,5.0,2.1,70,1472,1,6,4,27,1,0,0,3,0,0,2,346,335.2,407.2,170.0,90.9,14,1.03,2.58,3.61,29.53
Timothy,Castagne,Fulham,Defender,4.5,3.1,105,2630,1,3,9,40,0,0,0,3,0,0,7,510,494.4,295.0,229.0,102.1,29,1.29,2.06,3.35,41.07
Issa,Diop,Fulham,Defender,4.5,2.4,43,1423,0,0,5,26,0,0,0,2,1,0,3,259,348.8,20.5,37.0,40.8,16,0.26,0.42,0.68,33.20
Luke,Harris,Fulham,Midfielder,4.5,2.0,2,74,0,0,0,5,0,0,0,0,0,0,0,2,3.2,0.7,17.0,2.1,0,0.28,0.01,0.29,2.26
Alex,Iwobi,Fulham,Midfielder,5.5,3.2,102,2331,5,2,7,41,0,0,0,2,0,0,9,425,504.2,718.8,534.0,175.9,27,5.23,4.20,9.43,37.63
Bernd,Leno,Fulham,Goalkeeper,5.0,3.5,133,3420,0,0,10,61,1,0,0,3,0,134,15,782,1069.8,0.1,0.0,106.7,38,0.00,0.00,0.00,64.14
Saša,Lukić,Fulham,Midfielder,5.0,1.8,43,1113,1,0,5,20,0,0,0,3,0,0,0,157,192.4,155.6,115.0,46.2,13,1.49,0.46,1.95,22.86
Kevin,Mbabu,Fulham,Defender,4.0,0.0,0,0,0,0,0,0,0,0,0,0,0,0,0,0,0.0,0.0,0.0,0.0,0,0.00,0.00,0.00,0.00
Rodrigo,Muniz Carvalho,Fulham,Forward,6.0,3.7,97,1589,9,2,6,27,0,0,0,1,0,0,12,299,409.0,213.1,875.0,148.2,18,8.76,0.94,9.70,26.67
Raúl,Jiménez,Fulham,Forward,5.5,3.0,72,1390,7,0,4,29,0,0,0,3,1,0,13,237,335.8,185.9,440.0,95.1,18,5.37,0.96,6.33,37.43
Tim,Ream,Fulham,Defender,4.5,2.2,40,1503,1,0,3,31,0,0,0,2,1,0,4,267,339.8,18.2,45.0,40.4,17,0.96,0.16,1.12,34.03
Harrison,Reed,Fulham,Midfielder,5.0,1.7,47,1317,0,2,6,23,0,0,0,6,0,0,0,205,213.8,212.6,45.0,47.2,15,0.29,1.49,1.78,25.65
Antonee,Robinson,Fulham,Defender,4.5,2.8,104,3266,0,6,9,60,2,0,0,6,0,0,8,662,805.8,536.7,241.0,158.6,37,0.68,3.75,4.43,61.93
Jay,Stansfield,Fulham,Forward,5.0,0.0,0,0,0,0,0,0,0,0,0,0,0,0,0,0,0.0,0.0,0.0,0.0,0,0.00,0.00,0.00,0.00
Kenny,Tete,Fulham,Defender,4.5,1.9,27,863,1,0,2,21,0,0,0,2,0,0,0,161,195.2,93.4,67.0,35.6,10,0.86,0.46,1.32,22.97
Carlos Vinícius,Alves Morais,Fulham,Forward,5.0,1.7,22,306,2,0,0,5,0,0,0,2,0,0,2,77,83.6,61.3,139.0,28.2,2,1.59,0.11,1.70,4.50
Harry,Wilson,Fulham,Midfielder,5.5,2.7,94,1603,4,7,5,30,0,0,0,6,0,0,5,307,375.0,357.3,340.0,107.2,16,3.45,2.63,6.08,33.01
Ali,Al-Hamadi,Ipswich,Forward,5.0,0.0,0,0,0,0,0,0,0,0,0,0,0,0,0,0,0.0,0.0,0.0,0.0,0,0.00,0.00,0.00,0.00
Elkan,Baggott,Ipswich,Defender,4.0,0.0,0,0,0,0,0,0,0,0,0,0,0,0,0,0,0.0,0.0,0.0,0.0,0,0.00,0.00,0.00,0.00
Nathan,Broadhead,Ipswich,Midfielder,5.0,0.0,0,0,0,0,0,0,0,0,0,0,0,0,0,0,0.0,0.0,0.0,0.0,0,0.00,0.00,0.00,0.00
Cameron,Burgess,Ipswich,Defender,4.0,0.0,0,0,0,0,0,0,0,0,0,0,0,0,0,0,0.0,0.0,0.0,0.0,0,0.00,0.00,0.00,0.00
Wes,Burns,Ipswich,Midfielder,5.0,0.0,0,0,0,0,0,0,0,0,0,0,0,0,0,0,0.0,0.0,0.0,0.0,0,0.00,0.00,0.00,0.00
Conor,Chaplin,Ipswich,Midfielder,5.5,0.0,0,0,0,0,0,0,0,0,0,0,0,0,0,0,0.0,0.0,0.0,0.0,0,0.00,0.00,0.00,0.00
Harry,Clarke,Ipswich,Defender,4.0,0.0,0,0,0,0,0,0,0,0,0,0,0,0,0,0,0.0,0.0,0.0,0.0,0,0.00,0.00,0.00,0.00
Leif,Davis,Ipswich,Defender,4.5,0.0,0,0,0,0,0,0,0,0,0,0,0,0,0,0,0.0,0.0,0.0,0.0,0,0.00,0.00,0.00,0.00
Liam,Delap,Ipswich,Forward,5.5,0.0,0,0,0,0,0,0,0,0,0,0,0,0,0,0,0.0,0.0,0.0,0.0,0,0.00,0.00,0.00,0.00
George,Edmundson,Ipswich,Defender,4.0,0.0,0,0,0,0,0,0,0,0,0,0,0,0,0,0,0.0,0.0,0.0,0.0,0,0.00,0.00,0.00,0.00
Jacob,Greaves,Ipswich,Defender,4.0,0.0,0,0,0,0,0,0,0,0,0,0,0,0,0,0,0.0,0.0,0.0,0.0,0,0.00,0.00,0.00,0.00
Marcus,Myers-Harness,Ipswich,Midfielder,5.0,0.0,0,0,0,0,0,0,0,0,0,0,0,0,0,0,0.0,0.0,0.0,0.0,0,0.00,0.00,0.00,0.00
George,Hirst,Ipswich,Forward,5.5,0.0,0,0,0,0,0,0,0,0,0,0,0,0,0,0,0.0,0.0,0.0,0.0,0,0.00,0.00,0.00,0.00
Cameron,Humphreys,Ipswich,Midfielder,4.5,0.0,0,0,0,0,0,0,0,0,0,0,0,0,0,0,0.0,0.0,0.0,0.0,0,0.00,0.00,0.00,0.00
Omari,Giraud-Hutchinson,Ipswich,Midfielder,5.5,0.0,0,0,0,0,0,0,0,0,0,0,0,0,0,0,0.0,0.0,0.0,0.0,0,0.00,0.00,0.00,0.00
Ben,Johnson,Ipswich,Defender,4.0,1.2,17,538,0,0,1,16,0,0,0,1,0,0,0,90,84.6,22.5,38.0,14.7,4,0.25,0.11,0.36,13.03
Freddie,Ladapo,Ipswich,Forward,4.5,0.0,0,0,0,0,0,0,0,0,0,0,0,0,0,0,0.0,0.0,0.0,0.0,0,0.00,0.00,0.00,0.00
Massimo,Luongo,Ipswich,Midfielder,4.5,0.0,0,0,0,0,0,0,0,0,0,0,0,0,0,0,0.0,0.0,0.0,0.0,0,0.00,0.00,0.00,0.00
Sam,Morsy,Ipswich,Midfielder,5.0,0.0,0,0,0,0,0,0,0,0,0,0,0,0,0,0,0.0,0.0,0.0,0.0,0,0.00,0.00,0.00,0.00
Corrie,Ndaba,Ipswich,Defender,4.0,0.0,0,0,0,0,0,0,0,0,0,0,0,0,0,0,0.0,0.0,0.0,0.0,0,0.00,0.00,0.00,0.00
Cieran,Slicker,Ipswich,Goalkeeper,4.0,0.0,0,0,0,0,0,0,0,0,0,0,0,0,0,0,0.0,0.0,0.0,0.0,0,0.00,0.00,0.00,0.00
Jack,Taylor,Ipswich,Midfielder,5.0,0.0,0,0,0,0,0,0,0,0,0,0,0,0,0,0,0.0,0.0,0.0,0.0,0,0.00,0.00,0.00,0.00
Axel,Tuanzebe,Ipswich,Defender,4.0,0.0,0,0,0,0,0,0,0,0,0,0,0,0,0,0,0.0,0.0,0.0,0.0,0,0.00,0.00,0.00,0.00
Christian,Walton,Ipswich,Goalkeeper,4.5,0.0,0,0,0,0,0,0,0,0,0,0,0,0,0,0,0.0,0.0,0.0,0.0,0,0.00,0.00,0.00,0.00
Luke,Woolfenden,Ipswich,Defender,4.0,0.0,0,0,0,0,0,0,0,0,0,0,0,0,0,0,0.0,0.0,0.0,0.0,0,0.00,0.00,0.00,0.00
Arijanet,Muric,Ipswich,Goalkeeper,4.5,4.7,47,900,0,0,0,16,1,1,0,0,0,64,12,241,513.0,40.3,0.0,55.3,10,0.00,0.05,0.05,20.43
Boubakary,Soumaré,Leicester,Midfielder,4.5,0.0,0,0,0,0,0,0,0,0,0,0,0,0,0,0,0.0,0.0,0.0,0.0,0,0.00,0.00,0.00,0.00
Tom,Cannon,Leicester,Forward,4.5,0.0,0,0,0,0,0,0,0,0,0,0,0,0,0,0,0.0,0.0,0.0,0.0,0,0.00,0.00,0.00,0.00
Hamza,Choudhury,Leicester,Midfielder,4.5,0.0,0,0,0,0,0,0,0,0,0,0,0,0,0,0,0.0,0.0,0.0,0.0,0,0.00,0.00,0.00,0.00
Conor,Coady,Leicester,Defender,4.0,0.0,0,0,0,0,0,0,0,0,0,0,0,0,0,0,0.0,0.0,0.0,0.0,0,0.00,0.00,0.00,0.00
Patson,Daka,Leicester,Forward,5.0,0.0,0,0,0,0,0,0,0,0,0,0,0,0,0,0,0.0,0.0,0.0,0.0,0,0.00,0.00,0.00,0.00
Bobby,De Cordova-Reid,Leicester,Midfielder,5.5,2.8,92,1410,6,3,3,29,0,0,0,4,0,0,7,290,330.6,255.3,325.0,90.0,17,4.55,1.12,5.67,28.79
Wout,Faes,Leicester,Defender,4.0,0.0,0,0,0,0,0,0,0,0,0,0,0,0,0,0,0.0,0.0,0.0,0.0,0,0.00,0.00,0.00,0.00
Michael,Golding,Leicester,Midfielder,4.5,0.0,0,0,0,0,0,0,0,0,0,0,0,0,0,0,0.0,0.0,0.0,0.0,0,0.00,0.00,0.00,0.00
Mads,Hermansen,Leicester,Goalkeeper,4.5,0.0,0,0,0,0,0,0,0,0,0,0,0,0,0,0,0.0,0.0,0.0,0.0,0,0.00,0.00,0.00,0.00
Daniel,Iversen,Leicester,Goalkeeper,4.0,0.0,0,0,0,0,0,0,0,0,0,0,0,0,0,0,0.0,0.0,0.0,0.0,0,0.00,0.00,0.00,0.00
James,Justin,Leicester,Defender,4.5,0.0,0,0,0,0,0,0,0,0,0,0,0,0,0,0,0.0,0.0,0.0,0.0,0,0.00,0.00,0.00,0.00
Victor,Kristiansen,Leicester,Defender,4.5,0.0,0,0,0,0,0,0,0,0,0,0,0,0,0,0,0.0,0.0,0.0,0.0,0,0.00,0.00,0.00,0.00
Wanya,Marçal-Madivádua,Leicester,Midfielder,4.5,0.0,0,0,0,0,0,0,0,0,0,0,0,0,0,0,0.0,0.0,0.0,0.0,0,0.00,0.00,0.00,0.00
Stephy,Mavididi,Leicester,Midfielder,5.5,0.0,0,0,0,0,0,0,0,0,0,0,0,0,0,0,0.0,0.0,0.0,0.0,0,0.00,0.00,0.00,0.00
Kasey,McAteer,Leicester,Midfielder,5.0,0.0,0,0,0,0,0,0,0,0,0,0,0,0,0,0,0.0,0.0,0.0,0.0,0,0.00,0.00,0.00,0.00
Wilfred,Ndidi,Leicester,Midfielder,5.0,0.0,0,0,0,0,0,0,0,0,0,0,0,0,0,0,0.0,0.0,0.0,0.0,0,0.00,0.00,0.00,0.00
Caleb,Okoli,Leicester,Defender,4.0,0.0,0,0,0,0,0,0,0,0,0,0,0,0,0,0,0.0,0.0,0.0,0.0,0,0.00,0.00,0.00,0.00
Ricardo,Barbosa Pereira,Leicester,Defender,4.5,0.0,0,0,0,0,0,0,0,0,0,0,0,0,0,0,0.0,0.0,0.0,0.0,0,0.00,0.00,0.00,0.00
Harry,Souttar,Leicester,Defender,4.0,0.0,0,0,0,0,0,0,0,0,0,0,0,0,0,0,0.0,0.0,0.0,0.0,0,0.00,0.00,0.00,0.00
Jakub,Stolarczyk,Leicester,Goalkeeper,4.0,0.0,0,0,0,0,0,0,0,0,0,0,0,0,0,0,0.0,0.0,0.0,0.0,0,0.00,0.00,0.00,0.00
Luke,Thomas,Leicester,Defender,4.0,0.6,7,916,0,0,0,29,0,0,0,3,0,0,0,80,127.8,53.9,64.0,24.7,11,0.53,0.18,0.71,21.70
Jamie,Vardy,Leicester,Forward,5.5,0.0,0,0,0,0,0,0,0,0,0,0,0,0,0,0,0.0,0.0,0.0,0.0,0,0.00,0.00,0.00,0.00
Jannik,Vestergaard,Leicester,Defender,4.0,0.0,0,0,0,0,0,0,0,0,0,0,0,0,0,0,0.0,0.0,0.0,0.0,0,0.00,0.00,0.00,0.00
Danny,Ward,Leicester,Goalkeeper,4.0,0.0,0,0,0,0,0,0,0,0,0,0,0,0,0,0,0.0,0.0,0.0,0.0,0,0.00,0.00,0.00,0.00
Harry,Winks,Leicester,Midfielder,4.5,0.0,0,0,0,0,0,0,0,0,0,0,0,0,0,0,0.0,0.0,0.0,0.0,0,0.00,0.00,0.00,0.00
Abdul,Fatawu,Leicester,Midfielder,5.5,0.0,0,0,0,0,0,0,0,0,0,0,0,0,0,0,0.0,0.0,0.0,0.0,0,0.00,0.00,0.00,0.00
Alisson,Ramses Becker,Liverpool,Goalkeeper,5.5,3.8,107,2520,0,0,8,30,0,0,0,1,0,83,9,575,671.2,10.4,0.0,68.1,28,0.00,0.00,0.00,35.21
Trent,Alexander-Arnold,Liverpool,Defender,7.0,4.4,122,2153,3,5,8,28,0,0,0,6,0,0,19,590,601.8,1027.5,237.0,186.8,25,2.78,5.84,8.62,27.96
Stefan,Bajčetić Maquieira,Liverpool,Midfielder,4.5,1.0,1,25,0,0,0,2,0,0,0,0,0,0,0,3,7.8,0.3,0.0,0.8,0,0.00,0.00,0.00,0.88
Conor,Bradley,Liverpool,Defender,5.0,4.5,50,752,1,3,3,7,1,0,0,2,0,0,7,211,230.4,215.8,160.0,60.6,10,0.91,1.24,2.15,7.47
Fábio,Freitas Gouveia Carvalho,Liverpool,Midfielder,5.0,0.0,0,0,0,0,0,0,0,0,0,0,0,0,0,0,0.0,0.0,0.0,0.0,0,0.00,0.00,0.00,0.00
Bobby,Clark,Liverpool,Midfielder,4.5,1.0,5,86,0,0,0,0,0,0,0,0,0,0,0,7,11.6,5.3,19.0,3.6,1,0.14,0.01,0.15,1.75
Darwin,Núñez Ribeiro,Liverpool,Forward,7.5,3.7,132,2033,11,11,6,25,0,0,1,9,0,0,9,397,660.8,439.1,1223.0,232.4,22,16.23,4.37,20.60,25.33
Diogo,Teixeira da Silva,Liverpool,Midfielder,7.5,5.2,110,1141,10,7,5,11,0,0,0,1,1,0,7,328,483.8,290.2,639.0,141.4,14,5.24,1.75,6.99,15.21
Ben,Doak,Liverpool,Midfielder,4.5,1.0,1,13,0,0,0,0,0,0,0,0,0,0,0,3,0.2,0.8,0.0,0.1,0,0.00,0.00,0.00,0.14
Harvey,Elliott,Liverpool,Midfielder,5.5,2.8,96,1330,3,9,4,13,0,0,0,2,0,0,8,402,417.2,570.0,391.0,137.5,11,2.72,4.68,7.40,19.29
Endo,Wataru,Liverpool,Midfielder,5.0,1.6,47,1714,1,0,6,16,0,0,0,10,0,0,0,250,281.6,269.5,53.0,60.1,20,0.51,1.53,2.04,22.42
Cody,Gakpo,Liverpool,Forward,7.5,3.0,106,1633,8,5,5,20,0,0,0,1,0,0,12,409,521.4,348.2,708.0,157.1,17,9.07,2.71,11.78,23.90
Joe,Gomez,Liverpool,Defender,5.0,2.4,76,1772,0,2,7,19,0,0,0,5,0,0,2,390,316.0,338.3,119.0,77.7,17,1.02,1.07,2.09,27.08
Ryan,Gravenberch,Liverpool,Midfielder,5.0,1.7,45,1110,1,0,3,17,0,0,0,0,0,0,3,176,187.0,229.4,198.0,61.5,12,2.08,1.35,3.43,15.05
Curtis,Jones,Liverpool,Midfielder,5.5,1.7,40,1156,1,1,2,19,0,0,0,3,1,0,2,171,174.0,203.2,195.0,57.0,14,2.74,1.04,3.78,19.42
Caoimhin,Kelleher,Liverpool,Goalkeeper,4.5,3.4,34,900,0,0,2,11,0,0,0,0,0,28,3,198,261.2,10.0,0.0,27.0,10,0.00,0.01,0.01,10.33
Ibrahima,Konaté,Liverpool,Defender,5.0,2.5,56,1570,0,0,6,19,0,0,0,3,1,0,2,315,357.4,139.9,87.0,58.5,17,0.70,0.47,1.17,21.42
Luis,Díaz,Liverpool,Midfielder,7.5,3.8,142,2625,8,7,7,33,0,0,0,3,0,0,9,413,613.0,844.0,1190.0,264.6,32,12.08,4.73,16.81,35.22
Mohamed,Salah,Liverpool,Midfielder,12.5,6.6,211,2531,18,12,8,30,0,0,2,2,0,0,24,621,1033.8,892.2,1531.0,346.0,28,20.89,7.47,28.36,32.22
Alexis,Mac Allister,Liverpool,Midfielder,6.5,3.3,109,2600,5,5,6,34,0,0,0,7,1,0,12,512,712.4,726.7,224.0,166.2,31,3.59,4.89,8.48,37.16
James,McConnell,Liverpool,Midfielder,4.5,1.0,3,3,0,0,0,0,0,0,0,0,0,0,0,8,1.0,0.4,0.0,0.1,0,0.00,0.00,0.00,0.01
Tyler,Morton,Liverpool,Midfielder,4.5,0.0,0,0,0,0,0,0,0,0,0,0,0,0,0,0,0.0,0.0,0.0,0.0,0,0.00,0.00,0.00,0.00
Nathaniel,Phillips,Liverpool,Defender,4.0,0.0,0,0,0,0,0,0,0,0,0,0,0,0,0,0,0.0,0.0,0.0,0.0,0,0.00,0.00,0.00,0.00
Jarell,Quansah,Liverpool,Defender,4.5,2.9,49,1188,2,0,2,15,0,0,0,1,0,0,5,263,331.6,58.8,104.0,49.4,13,1.04,0.19,1.23,14.28
Rhys,Williams,Liverpool,Defender,4.0,0.0,0,0,0,0,0,0,0,0,0,0,0,0,0,0,0.0,0.0,0.0,0.0,0,0.00,0.00,0.00,0.00
Andrew,Robertson,Liverpool,Defender,6.0,3.3,76,1689,3,2,3,22,0,0,0,2,0,0,8,463,552.2,936.1,230.0,171.9,18,1.90,4.40,6.30,22.83
Dominik,Szoboszlai,Liverpool,Midfielder,6.5,3.0,99,2102,3,4,8,23,0,0,0,1,0,0,7,437,423.4,830.0,377.0,162.8,25,3.64,5.13,8.77,25.06
Konstantinos,Tsimikas,Liverpool,Defender,5.0,3.7,48,675,0,3,4,7,0,0,0,0,0,0,4,201,158.8,267.5,35.0,46.2,8,0.09,1.26,1.35,8.46
Sepp,van den Berg,Liverpool,Defender,4.0,0.0,0,0,0,0,0,0,0,0,0,0,0,0,0,0,0.0,0.0,0.0,0.0,0,0.00,0.00,0.00,0.00
Virgil,van Dijk,Liverpool,Defender,6.0,3.2,117,3177,2,2,9,40,0,0,0,3,1,0,8,662,911.2,176.3,449.0,153.8,36,2.88,1.04,3.92,45.72
Manuel,Akanji,Man City,Defender,5.5,3.7,112,2512,2,0,11,23,0,0,0,2,1,0,8,560,536.4,298.7,137.0,97.4,28,1.77,1.79,3.56,25.72
Nathan,Aké,Man City,Defender,5.5,3.4,99,2039,2,3,6,20,0,0,0,0,0,0,6,483,447.2,197.7,249.0,89.7,24,2.47,1.14,3.61,21.14
Bernardo,Veiga de Carvalho e Silva,Man City,Midfielder,6.5,4.3,141,2576,6,9,10,26,0,0,0,8,0,0,20,604,747.4,959.5,570.0,228.0,29,3.54,8.05,11.59,26.40
Oscar,Bobb,Man City,Midfielder,5.0,2.1,30,294,1,2,1,5,0,0,0,0,0,0,2,112,105.4,147.1,107.0,36.0,2,1.50,1.10,2.60,2.91
Scott,Carson,Man City,Goalkeeper,4.0,0.0,0,0,0,0,0,0,0,0,0,0,0,0,0,0,0.0,0.0,0.0,0.0,0,0.00,0.00,0.00,0.00
Kevin,De Bruyne,Man City,Midfielder,9.5,5.4,98,1219,4,10,7,8,0,0,0,2,0,0,11,415,527.6,901.1,406.0,183.6,15,2.40,6.90,9.30,10.92
Jérémy,Doku,Man City,Midfielder,6.5,3.4,98,1585,3,10,1,19,0,0,0,3,0,0,13,391,524.2,640.2,875.0,203.9,18,2.57,5.85,8.42,16.21
Ederson,Santana de Moraes,Man City,Goalkeeper,5.5,3.4,112,2785,0,0,11,27,0,0,0,5,0,57,5,569,551.8,10.0,0.0,56.0,33,0.00,0.03,0.03,27.43
Phil,Foden,Man City,Midfielder,9.5,6.6,230,2860,19,8,14,27,0,0,0,2,0,0,31,866,1154.8,1157.8,1172.0,348.8,33,10.17,6.95,17.12,28.51
Jack,Grealish,Man City,Midfielder,6.5,2.5,50,998,3,1,3,13,0,0,0,6,0,0,6,199,240.4,384.1,295.0,91.9,10,2.17,2.69,4.86,12.58
Joško,Gvardiol,Man City,Defender,6.0,4.4,123,2327,4,2,9,23,0,0,0,3,0,0,12,549,544.4,362.2,389.0,129.7,26,3.14,2.09,5.23,23.88
Erling,Haaland,Man City,Forward,15.0,7.0,217,2553,27,8,11,25,0,0,1,1,0,0,29,792,1094.6,367.2,1581.0,303.3,29,29.57,2.18,31.75,25.65
Julián,Álvarez,Man City,Forward,7.0,4.4,158,2644,11,11,12,24,0,0,0,2,0,0,17,662,737.0,1005.2,992.0,273.3,31,13.07,6.28,19.35,25.52
João,Cavaco Cancelo,Man City,Defender,5.5,0.0,0,0,0,0,0,0,0,0,0,0,0,0,0,0,0.0,0.0,0.0,0.0,0,0.00,0.00,0.00,0.00
Mateo,Kovačić,Man City,Midfielder,5.5,2.0,59,1539,1,0,9,14,0,0,0,4,0,0,2,316,265.0,365.9,129.0,76.0,16,1.24,1.66,2.90,13.55
Rico,Lewis,Man City,Defender,4.5,3.2,52,804,2,0,4,9,0,0,0,1,0,0,2,215,148.0,195.9,114.0,45.8,8,0.63,1.25,1.88,8.73
Matheus Luiz,Nunes,Man City,Midfielder,5.0,1.7,32,831,0,2,2,13,0,0,0,0,1,0,1,118,146.0,221.3,150.0,51.8,9,0.89,1.71,2.60,10.39
James,McAtee,Man City,Midfielder,5.0,2.5,77,1815,3,4,2,65,0,0,0,2,0,0,0,259,333.8,394.4,333.0,106.0,20,2.98,2.16,5.14,39.34
Stefan,Ortega Moreno,Man City,Goalkeeper,5.5,2.4,22,632,0,0,1,7,0,0,0,0,0,20,2,114,171.2,0.0,0.0,17.3,5,0.00,0.00,0.00,7.17
Kalvin,Phillips,Man City,Midfielder,5.0,0.8,10,394,0,0,0,13,0,0,0,1,1,0,0,27,35.6,23.3,31.0,9.1,3,0.22,0.11,0.33,10.75
Rodrigo 'Rodri',Hernandez,Man City,Midfielder,6.5,4.7,159,2931,8,10,14,26,0,0,0,8,1,0,19,737,1043.8,894.8,484.0,242.3,34,3.99,6.15,10.14,29.89
Rúben,Gato Alves Dias,Man City,Defender,5.5,2.9,88,2557,0,0,9,28,1,0,0,0,0,0,3,513,578.4,208.5,225.0,101.5,28,1.38,1.93,3.31,25.12
John,Stones,Man City,Defender,5.5,3.3,53,1061,1,0,5,9,0,0,0,2,0,0,3,239,188.4,128.4,70.0,38.7,12,1.06,0.40,1.46,12.27
Kyle,Walker,Man City,Defender,5.5,3.8,123,2766,0,5,10,29,0,0,0,2,0,0,13,633,465.4,534.1,126.0,112.6,30,0.40,3.20,3.60,28.61
Sávio 'Savinho',Moreira de Oliveira,Man City,Midfielder,6.5,0.0,0,0,0,0,0,0,0,0,0,0,0,0,0,0,0.0,0.0,0.0,0.0,0,0.00,0.00,0.00,0.00
Amad,Diallo,Man Utd,Midfielder,5.0,2.6,23,385,1,1,1,6,0,0,0,1,0,0,3,68,117.0,123.8,114.0,35.2,3,0.53,0.47,1.00,7.66
Antony Matheus,dos Santos,Man Utd,Midfielder,6.0,1.6,47,1311,1,1,3,26,0,0,0,5,0,0,0,184,247.8,327.7,347.0,91.8,15,3.38,1.83,5.21,25.18
Bruno,Borges Fernandes,Man Utd,Midfielder,8.5,4.7,166,3118,10,9,7,52,0,0,1,9,0,0,24,729,1101.6,1663.0,748.0,351.3,35,9.73,10.23,19.96,63.99
Altay,Bayindir,Man Utd,Goalkeeper,4.5,0.0,0,0,0,0,0,0,0,0,0,0,0,0,0,0,0.0,0.0,0.0,0.0,0,0.00,0.00,0.00,0.00
Carlos Henrique,Casimiro,Man Utd,Midfielder,5.0,2.3,58,1981,1,3,5,34,0,0,0,7,0,0,0,323,628.4,247.9,323.0,119.9,24,3.64,1.20,4.84,40.58
Diogo,Dalot Teixeira,Man Utd,Defender,5.0,3.1,111,3174,2,3,8,55,0,0,0,4,1,0,13,662,738.6,590.8,212.0,154.4,35,1.67,2.38,4.05,64.76
Christian,Eriksen,Man Utd,Midfielder,5.5,2.2,48,1134,1,2,2,27,0,0,0,1,0,0,4,248,255.4,400.5,93.0,75.0,12,0.97,2.46,3.43,20.08
Jonny,Evans,Man Utd,Defender,4.5,2.1,49,1389,0,1,4,24,0,0,0,2,0,0,3,293,330.8,81.2,21.0,43.6,15,0.06,0.27,0.33,27.68
Alejandro,Garnacho,Man Utd,Midfielder,6.5,3.6,131,2564,7,7,8,39,0,0,0,4,0,0,7,372,527.2,616.8,1103.0,224.3,30,8.23,2.81,11.04,51.56
Hannibal,Mejbri,Man Utd,Midfielder,4.5,2.2,11,131,1,0,1,1,0,0,0,1,0,0,0,34,48.2,29.8,13.0,9.0,1,0.03,0.48,0.51,3.48
Tom,Heaton,Man Utd,Goalkeeper,4.0,0.0,0,0,0,0,0,0,0,0,0,0,0,0,0,0,0.0,0.0,0.0,0.0,0,0.00,0.00,0.00,0.00
Rasmus,Højlund,Man Utd,Forward,7.0,3.7,112,2156,10,2,6,35,0,0,0,2,0,0,14,362,480.6,345.8,648.0,147.0,25,6.97,0.96,7.93,40.64
Victor,Lindelöf,Man Utd,Defender,4.5,3.3,62,1328,1,1,5,16,0,0,0,2,0,0,7,291,263.8,125.9,105.0,49.6,14,0.69,0.43,1.12,25.99
Harry,Maguire,Man Utd,Defender,5.0,3.3,73,1650,2,4,4,29,0,0,0,3,0,0,6,351,493.4,90.9,192.0,77.7,18,1.94,0.97,2.91,36.68
Kobbie,Mainoo,Man Utd,Midfielder,5.5,3.2,77,1927,3,1,7,31,0,0,0,3,0,0,8,327,413.4,256.7,134.0,80.6,24,0.87,1.35,2.22,42.97
Tyrell,Malacia,Man Utd,Defender,4.5,0.0,0,0,0,0,0,0,0,0,0,0,0,0,0,0,0.0,0.0,0.0,0.0,0,0.00,0.00,0.00,0.00
Lisandro,Martínez,Man Utd,Defender,4.5,1.4,15,643,0,1,1,12,1,0,0,3,0,0,0,134,144.4,45.7,4.0,19.4,8,0.00,0.08,0.08,11.65
Scott,McTominay,Man Utd,Midfielder,5.0,3.1,98,1891,7,1,7,30,0,0,0,2,0,0,5,307,539.4,179.5,492.0,121.3,18,6.00,0.41,6.40,39.95
Mason,Mount,Man Utd,Midfielder,6.5,1.6,23,509,1,0,1,13,0,0,0,2,0,0,0,93,105.8,107.6,64.0,27.9,5,0.37,0.37,0.74,9.95
André,Onana,Man Utd,Goalkeeper,5.0,3.5,133,3420,0,0,9,58,0,0,0,5,0,149,10,741,1167.8,33.2,0.0,120.2,38,0.00,0.08,0.08,69.64
Facundo,Pellistri Rebollo,Man Utd,Midfielder,5.0,1.4,13,164,0,1,0,2,0,0,0,0,0,0,0,36,47.0,19.3,66.0,13.3,1,0.51,0.39,0.90,4.17
Marcus,Rashford,Man Utd,Midfielder,7.0,3.3,108,2264,7,3,7,37,0,0,0,2,0,0,0,330,453.2,358.6,672.0,148.3,26,7.13,2.80,9.93,48.29
Jadon,Sancho,Man Utd,Midfielder,6.5,1.0,3,76,0,0,0,1,0,0,0,0,0,0,0,11,9.8,14.8,12.0,3.6,0,0.00,0.07,0.07,1.86
Luke,Shaw,Man Utd,Defender,5.0,2.6,31,960,0,1,4,13,0,0,0,6,0,0,0,195,197.2,199.3,29.0,42.6,12,0.05,0.89,0.94,20.17
Aaron,Wan-Bissaka,Man Utd,Defender,4.5,2.1,47,1778,0,2,3,34,0,0,0,4,0,0,5,323,397.8,196.5,60.0,65.5,20,0.11,1.47,1.58,38.57
Joshua,Zirkzee,Man Utd,Forward,7.0,0.0,0,0,0,0,0,0,0,0,0,0,0,0,0,0,0.0,0.0,0.0,0.0,0,0.00,0.00,0.00,0.00
Leny,Yoro,Man Utd,Defender,4.5,0.0,0,0,0,0,0,0,0,0,0,0,0,0,0,0,0.0,0.0,0.0,0.0,0,0.00,0.00,0.00,0.00
Alex,Murphy,Newcastle,Defender,4.0,1.0,2,11,0,0,0,0,0,0,0,0,0,0,0,6,2.6,1.0,0.0,0.3,0,0.00,0.00,0.00,0.08
Miguel,Almirón Rejala,Newcastle,Midfielder,6.0,2.3,77,1930,3,1,5,40,0,0,0,2,0,0,4,277,299.8,369.7,434.0,110.1,23,4.57,2.39,6.96,38.15
Harvey,Barnes,Newcastle,Midfielder,6.5,3.0,64,788,5,3,2,10,0,0,0,2,0,0,3,205,279.2,181.5,334.0,79.5,7,3.78,1.90,5.68,10.48
Sven,Botman,Newcastle,Defender,4.5,3.0,51,1375,2,2,3,29,1,0,0,2,0,0,4,298,386.8,62.9,104.0,55.5,15,0.62,0.54,1.16,31.58
Bruno,Guimarães Rodriguez Moura,Newcastle,Midfielder,6.5,4.1,153,3264,7,9,10,60,0,0,0,8,0,0,15,691,968.4,948.7,489.0,241.0,37,4.91,6.20,11.11,58.64
Dan,Burn,Newcastle,Defender,4.5,2.9,97,2725,2,2,8,45,0,0,0,4,0,0,4,493,656.4,153.8,286.0,109.7,32,3.35,1.12,4.47,46.22
Martin,Dúbravka,Newcastle,Goalkeeper,4.5,3.3,75,1984,0,0,4,42,0,1,0,1,0,88,3,426,661.0,10.0,0.0,67.2,22,0.00,0.00,0.00,44.34
Ryan,Fraser,Newcastle,Midfielder,5.0,0.0,0,0,0,0,0,0,0,0,0,0,0,0,0,0,0.0,0.0,0.0,0.0,0,0.00,0.00,0.00,0.00
Anthony,Gordon,Newcastle,Midfielder,7.5,5.2,183,2896,11,16,12,48,0,0,0,10,1,0,14,594,822.6,843.7,905.0,256.7,34,10.03,5.40,15.42,51.73
Lewis,Hall,Newcastle,Defender,4.5,2.1,38,773,1,0,2,12,0,0,0,2,0,0,3,171,194.8,69.1,85.0,34.9,8,0.35,0.72,1.07,13.10
Isaac,Hayden,Newcastle,Midfielder,4.5,0.0,0,0,0,0,0,0,0,0,0,0,0,0,0,0,0.0,0.0,0.0,0.0,0,0.00,0.00,0.00,0.00
Alexander,Isak,Newcastle,Forward,8.5,5.7,172,2253,21,4,7,41,0,0,1,1,0,0,23,645,877.4,362.5,1054.0,229.3,27,20.22,2.68,22.90,43.41
Jacob,Murphy,Newcastle,Midfielder,5.5,3.9,82,1184,3,8,5,21,0,0,0,1,0,0,4,312,377.8,453.4,270.0,110.0,14,2.23,3.35,5.58,18.42
Joelinton Cássio,Apolinário de Lira,Newcastle,Midfielder,6.0,2.2,45,1276,2,1,3,23,0,0,0,6,0,0,3,209,295.2,314.9,206.0,81.6,15,2.82,1.09,3.91,25.30
Lloyd,Kelly,Newcastle,Defender,4.5,2.1,48,1553,0,1,4,32,0,0,0,2,0,0,5,293,279.0,141.8,48.0,46.9,17,0.34,0.77,1.11,25.04
Emil,Krafth,Newcastle,Defender,4.5,1.9,33,909,0,0,3,15,0,0,0,2,0,0,1,187,164.2,145.4,28.0,33.8,8,0.20,0.76,0.96,12.94
Garang,Kuol,Newcastle,Midfielder,4.5,0.0,0,0,0,0,0,0,0,0,0,0,0,0,0,0,0.0,0.0,0.0,0.0,0,0.00,0.00,0.00,0.00
Jamaal,Lascelles,Newcastle,Defender,4.5,2.9,46,1077,1,0,5,15,0,0,0,4,0,0,3,212,233.0,35.4,69.0,33.8,13,0.74,0.12,0.86,18.08
Jamal,Lewis,Newcastle,Defender,4.0,0.0,0,0,0,0,0,0,0,0,0,0,0,0,0,0,0.0,0.0,0.0,0.0,0,0.00,0.00,0.00,0.00
Tino,Livramento,Newcastle,Defender,4.5,1.7,45,1302,1,0,2,27,0,0,0,1,0,0,4,253,292.0,193.9,96.0,58.4,12,0.38,0.83,1.21,28.63
Sean,Longstaff,Newcastle,Midfielder,5.0,3.1,110,2742,6,3,10,50,0,0,0,7,0,0,3,418,550.0,357.1,479.0,138.8,30,6.76,2.80,9.56,51.59
Lewis,Miley,Newcastle,Midfielder,5.0,2.6,44,1203,1,3,1,29,0,0,0,1,0,0,1,232,237.4,192.8,136.0,56.7,14,1.22,1.08,2.30,30.20
Odysseas,Vlachodimos,Newcastle,Goalkeeper,4.5,2.4,12,450,0,0,1,12,0,0,0,0,0,10,0,79,101.8,10.0,0.0,11.2,5,0.00,0.01,0.01,7.48
Nick,Pope,Newcastle,Goalkeeper,5.0,3.8,57,1345,0,0,6,16,0,0,0,1,0,43,1,279,323.0,0.0,4.0,32.7,15,0.02,0.00,0.02,15.92
John,Ruddy,Newcastle,Goalkeeper,4.0,0.0,0,0,0,0,0,0,0,0,0,0,0,0,0,0,0.0,0.0,0.0,0.0,0,0.00,0.00,0.00,0.00
Fabian,Schär,Newcastle,Defender,5.5,3.4,123,3055,4,3,9,58,0,0,0,5,0,0,12,629,826.6,166.7,278.0,127.4,35,2.47,1.41,3.87,58.64
Matt,Targett,Newcastle,Defender,4.0,0.7,2,77,0,0,0,4,0,0,0,1,0,0,0,15,9.2,11.9,0.0,2.2,1,0.00,0.01,0.01,1.77
Sandro,Tonali,Newcastle,Midfielder,5.5,2.0,16,437,1,0,1,5,0,0,0,2,0,0,0,86,81.8,105.0,50.0,23.8,5,0.62,0.47,1.09,6.66
Kieran,Trippier,Newcastle,Defender,6.0,4.0,111,2235,1,10,6,43,0,0,0,5,0,0,20,589,719.0,1028.5,102.0,185.2,26,0.65,6.97,7.62,40.26
Joe,White,Newcastle,Midfielder,4.5,0.8,3,12,0,0,0,0,0,0,0,1,0,0,0,9,0.8,1.1,0.0,0.1,0,0.00,0.00,0.00,0.24
Joe,Willock,Newcastle,Midfielder,5.0,2.0,18,415,1,0,1,9,0,0,0,0,0,0,0,60,89.8,92.5,106.0,28.8,5,0.88,0.57,1.45,8.03
Callum,Wilson,Newcastle,Forward,7.0,3.5,69,981,9,1,6,15,0,0,0,3,0,0,4,246,366.2,110.3,563.0,103.2,9,8.96,0.54,9.50,13.12
Miodrag,Pivaš,Newcastle,Defender,4.0,0.0,0,0,0,0,0,0,0,0,0,0,0,0,0,0,0.0,0.0,0.0,0.0,0,0.00,0.00,0.00,0.00
Ola,Aina,Nott'm Forest,Defender,4.5,2.0,45,1690,1,1,2,39,0,0,0,3,0,0,2,289,312.0,181.7,49.0,54.4,20,0.34,1.01,1.35,29.01
Elliot,Anderson,Nott'm Forest,Midfielder,5.0,2.0,42,1018,0,2,5,14,0,0,0,3,0,0,3,144,187.4,223.7,201.0,61.1,10,1.63,1.25,2.88,12.49
Taiwo,Awoniyi,Nott'm Forest,Forward,6.0,3.4,67,1036,6,3,3,21,0,0,0,2,0,0,5,247,303.2,134.4,308.0,74.2,12,4.85,0.90,5.75,15.61
Willy,Boly,Nott'm Forest,Defender,4.5,2.9,58,1437,2,1,3,26,0,0,0,1,1,0,7,275,480.0,100.5,200.0,78.1,18,1.56,0.77,2.33,26.30
Josh,Bowler,Nott'm Forest,Midfielder,4.5,0.0,0,0,0,0,0,0,0,0,0,0,0,0,0,0,0.0,0.0,0.0,0.0,0,0.00,0.00,0.00,0.00
Carlos Miguel,dos Santos Pereira,Nott'm Forest,Goalkeeper,4.5,0.0,0,0,0,0,0,0,0,0,0,0,0,0,0,0,0.0,0.0,0.0,0.0,0,0.00,0.00,0.00,0.00
Eric,da Silva Moreira,Nott'm Forest,Midfielder,4.5,0.0,0,0,0,0,0,0,0,0,0,0,0,0,0,0,0.0,0.0,0.0,0.0,0,0.00,0.00,0.00,0.00
Danilo,dos Santos de Oliveira,Nott'm Forest,Midfielder,5.0,2.2,65,1787,2,2,1,42,0,0,0,4,0,0,4,302,368.0,277.6,137.0,78.1,20,1.82,0.94,2.76,28.60
Emmanuel,Dennis,Nott'm Forest,Forward,5.0,0.0,0,0,0,0,0,0,0,0,0,0,0,0,0,0,0.0,0.0,0.0,0.0,0,0.00,0.00,0.00,0.00
Nicolás,Domínguez,Nott'm Forest,Midfielder,5.0,2.6,67,1489,2,2,6,27,0,0,0,4,0,0,6,276,340.4,176.2,187.0,70.6,19,1.30,1.14,2.44,21.20
Anthony,Elanga,Nott'm Forest,Midfielder,5.5,3.3,119,2424,5,9,2,47,0,0,0,1,0,0,5,386,536.4,441.6,618.0,159.2,25,6.20,4.04,10.24,39.39
Morgan,Gibbs-White,Nott'm Forest,Midfielder,6.5,3.8,142,3156,5,12,5,59,0,0,0,9,0,0,13,563,703.2,1155.2,495.0,235.6,35,6.65,6.79,13.44,49.08
Callum,Hudson-Odoi,Nott'm Forest,Midfielder,5.5,3.8,109,1846,8,2,2,41,0,0,0,0,0,0,14,371,489.0,514.2,444.0,145.0,20,2.65,2.02,4.67,28.38
Alex,Mighten,Nott'm Forest,Midfielder,4.5,0.0,0,0,0,0,0,0,0,0,0,0,0,0,0,0,0.0,0.0,0.0,0.0,0,0.00,0.00,0.00,0.00
Murillo,Santiago Costa dos Santos,Nott'm Forest,Defender,4.5,1.8,58,2790,0,2,3,56,1,0,0,5,0,0,1,451,678.4,115.0,164.0,95.8,32,1.78,0.64,2.42,42.99
Neco,Williams,Nott'm Forest,Defender,4.5,1.5,39,1630,0,1,1,33,0,0,0,4,0,0,2,224,393.4,195.2,139.0,72.8,18,0.74,1.54,2.28,23.05
Omar,Richards,Nott'm Forest,Defender,4.5,0.0,0,0,0,0,0,0,0,0,0,0,0,0,0,0,0.0,0.0,0.0,0.0,0,0.00,0.00,0.00,0.00
Lewis,O'Brien,Nott'm Forest,Midfielder,5.0,0.0,0,0,0,0,0,0,0,0,0,0,0,0,0,0,0.0,0.0,0.0,0.0,0,0.00,0.00,0.00,0.00
Andrew,Omobamidele,Nott'm Forest,Defender,4.5,1.0,11,782,0,0,0,15,1,0,0,2,0,0,0,94,148.6,25.1,16.0,18.9,8,0.14,0.02,0.16,11.77
Jonathan,Panzo,Nott'm Forest,Defender,4.0,0.0,0,0,0,0,0,0,0,0,0,0,0,0,0,0,0.0,0.0,0.0,0.0,0,0.00,0.00,0.00,0.00
Ibrahim,Sangaré,Nott'm Forest,Midfielder,4.5,1.5,25,1031,0,0,4,16,0,0,0,6,0,0,0,89,168.8,112.9,43.0,32.5,13,0.67,0.40,1.07,14.75
Matz,Sels,Nott'm Forest,Goalkeeper,4.5,2.1,34,1440,0,0,1,27,0,0,0,1,0,37,1,206,293.2,10.0,0.0,30.3,16,0.00,0.09,0.09,20.50
Harry,Toffolo,Nott'm Forest,Defender,4.5,2.3,52,1452,1,3,2,29,0,0,0,3,0,0,3,263,355.0,268.4,171.0,79.3,15,1.10,1.14,2.24,23.83
Matt,Turner,Nott'm Forest,Goalkeeper,4.0,2.5,41,1530,0,0,2,28,0,0,0,2,0,55,0,278,379.6,0.0,0.0,37.9,17,0.00,0.00,0.00,25.43
Hwang,Ui-jo,Nott'm Forest,Forward,4.5,0.0,0,0,0,0,0,0,0,0,0,0,0,0,0,0,0.0,0.0,0.0,0.0,0,0.00,0.00,0.00,0.00
Chris,Wood,Nott'm Forest,Forward,6.0,4.2,131,1801,14,1,2,34,0,0,0,0,0,0,22,456,598.2,281.1,795.0,167.4,20,11.71,0.92,12.63,27.19
Joe,Worrall,Nott'm Forest,Defender,4.5,1.9,13,438,0,0,1,9,0,0,0,0,1,0,3,74,90.0,22.1,18.0,13.0,5,0.10,0.31,0.41,9.01
Ryan,Yates,Nott'm Forest,Midfielder,5.0,1.7,59,1979,1,1,1,38,0,0,0,6,0,0,1,235,330.4,133.8,258.0,72.1,21,2.78,0.59,3.37,31.96
Nikola,Milenković,Nott'm Forest,Defender,4.5,0.0,0,0,0,0,0,0,0,0,0,0,0,0,0,0,0.0,0.0,0.0,0.0,0,0.00,0.00,0.00,0.00
Carlos,Alcaraz Durán,Southampton,Midfielder,5.0,0.0,0,0,0,0,0,0,0,0,0,0,0,0,0,0,0.0,0.0,0.0,0.0,0,0.00,0.00,0.00,0.00
Samuel,Amo-Ameyaw,Southampton,Midfielder,4.5,0.0,0,0,0,0,0,0,0,0,0,0,0,0,0,0,0.0,0.0,0.0,0.0,0,0.00,0.00,0.00,0.00
Joe,Aribo,Southampton,Midfielder,5.0,0.0,0,0,0,0,0,0,0,0,0,0,0,0,0,0,0.0,0.0,0.0,0.0,0,0.00,0.00,0.00,0.00
Adam,Armstrong,Southampton,Forward,5.5,0.0,0,0,0,0,0,0,0,0,0,0,0,0,0,0,0.0,0.0,0.0,0.0,0,0.00,0.00,0.00,0.00
Gavin,Bazunu,Southampton,Goalkeeper,4.5,0.0,0,0,0,0,0,0,0,0,0,0,0,0,0,0,0.0,0.0,0.0,0.0,0,0.00,0.00,0.00,0.00
Jan,Bednarek,Southampton,Defender,4.0,0.0,0,0,0,0,0,0,0,0,0,0,0,0,0,0,0.0,0.0,0.0,0.0,0,0.00,0.00,0.00,0.00
Armel,Bella-Kotchap,Southampton,Defender,4.0,0.0,0,0,0,0,0,0,0,0,0,0,0,0,0,0,0.0,0.0,0.0,0.0,0,0.00,0.00,0.00,0.00
James,Bree,Southampton,Defender,4.0,0.0,0,0,0,0,0,0,0,0,0,0,0,0,0,0,0.0,0.0,0.0,0.0,0,0.00,0.00,0.00,0.00
Shea,Charles,Southampton,Midfielder,4.5,0.0,0,0,0,0,0,0,0,0,0,0,0,0,0,0,0.0,0.0,0.0,0.0,0,0.00,0.00,0.00,0.00
Samuel,Edozie,Southampton,Midfielder,5.0,0.0,0,0,0,0,0,0,0,0,0,0,0,0,0,0,0.0,0.0,0.0,0.0,0,0.00,0.00,0.00,0.00
Ronnie,Edwards,Southampton,Defender,4.0,0.0,0,0,0,0,0,0,0,0,0,0,0,0,0,0,0.0,0.0,0.0,0.0,0,0.00,0.00,0.00,0.00
Taylor,Harwood-Bellis,Southampton,Defender,4.0,0.0,0,0,0,0,0,0,0,0,0,0,0,0,0,0,0.0,0.0,0.0,0.0,0,0.00,0.00,0.00,0.00
Kamaldeen,Sulemana,Southampton,Midfielder,5.0,0.0,0,0,0,0,0,0,0,0,0,0,0,0,0,0,0.0,0.0,0.0,0.0,0,0.00,0.00,0.00,0.00
Adam,Lallana,Southampton,Midfielder,5.0,1.2,30,839,0,1,2,13,0,0,0,2,0,0,0,95,83.0,248.7,130.0,45.8,13,0.83,1.60,2.43,12.13
Juan,Larios López,Southampton,Defender,4.0,0.0,0,0,0,0,0,0,0,0,0,0,0,0,0,0,0.0,0.0,0.0,0.0,0,0.00,0.00,0.00,0.00
Mateusz,Lis,Southampton,Goalkeeper,4.0,0.0,0,0,0,0,0,0,0,0,0,0,0,0,0,0,0.0,0.0,0.0,0.0,0,0.00,0.00,0.00,0.00
Joe,Lumley,Southampton,Goalkeeper,4.0,0.0,0,0,0,0,0,0,0,0,0,0,0,0,0,0,0.0,0.0,0.0,0.0,0,0.00,0.00,0.00,0.00
Ryan,Manning,Southampton,Defender,4.5,0.0,0,0,0,0,0,0,0,0,0,0,0,0,0,0,0.0,0.0,0.0,0.0,0,0.00,0.00,0.00,0.00
Sékou,Mara,Southampton,Forward,5.0,0.0,0,0,0,0,0,0,0,0,0,0,0,0,0,0,0.0,0.0,0.0,0.0,0,0.00,0.00,0.00,0.00
Alex,McCarthy,Southampton,Goalkeeper,4.5,0.0,0,0,0,0,0,0,0,0,0,0,0,0,0,0,0.0,0.0,0.0,0.0,0,0.00,0.00,0.00,0.00
Paul,Onuachu,Southampton,Forward,5.0,0.0,0,0,0,0,0,0,0,0,0,0,0,0,0,0,0.0,0.0,0.0,0.0,0,0.00,0.00,0.00,0.00
Will,Smallbone,Southampton,Midfielder,5.0,0.0,0,0,0,0,0,0,0,0,0,0,0,0,0,0,0.0,0.0,0.0,0.0,0,0.00,0.00,0.00,0.00
Jack,Stephens,Southampton,Defender,4.0,0.0,0,0,0,0,0,0,0,0,0,0,0,0,0,0,0.0,0.0,0.0,0.0,0,0.00,0.00,0.00,0.00
Ross,Stewart,Southampton,Forward,4.5,0.0,0,0,0,0,0,0,0,0,0,0,0,0,0,0,0.0,0.0,0.0,0.0,0,0.00,0.00,0.00,0.00
Sugawara,Yukinari,Southampton,Defender,4.5,0.0,0,0,0,0,0,0,0,0,0,0,0,0,0,0,0.0,0.0,0.0,0.0,0,0.00,0.00,0.00,0.00
Charlie,Taylor,Southampton,Defender,4.0,1.7,47,2329,1,1,2,46,0,0,0,8,0,0,1,347,395.6,275.7,59.0,73.3,25,0.25,1.66,1.91,43.78
Kyle,Walker-Peters,Southampton,Defender,4.5,0.0,0,0,0,0,0,0,0,0,0,0,0,0,0,0,0.0,0.0,0.0,0.0,0,0.00,0.00,0.00,0.00
Nathan,Wood-Gordon,Southampton,Defender,4.0,0.0,0,0,0,0,0,0,0,0,0,0,0,0,0,0,0.0,0.0,0.0,0.0,0,0.00,0.00,0.00,0.00
Flynn,Downes,Southampton,Midfielder,5.0,0.0,0,0,0,0,0,0,0,0,0,0,0,0,0,0,0.0,0.0,0.0,0.0,0,0.00,0.00,0.00,0.00
Ashley,Phillips,Spurs,Defender,4.0,0.0,0,0,0,0,0,0,0,0,0,0,0,0,0,0,0.0,0.0,0.0,0.0,0,0.00,0.00,0.00,0.00
Brandon,Austin,Spurs,Goalkeeper,4.0,0.0,0,0,0,0,0,0,0,0,0,0,0,0,0,0,0.0,0.0,0.0,0.0,0,0.00,0.00,0.00,0.00
Rodrigo,Bentancur,Spurs,Midfielder,5.0,1.4,32,997,1,1,1,25,0,0,0,7,0,0,0,153,193.0,174.9,156.0,52.1,13,2.01,1.05,3.06,19.98
Lucas,Bergvall,Spurs,Midfielder,4.5,0.0,0,0,0,0,0,0,0,0,0,0,0,0,0,0,0.0,0.0,0.0,0.0,0,0.00,0.00,0.00,0.00
Yves,Bissouma,Spurs,Midfielder,5.0,1.6,44,2070,0,0,7,35,0,0,0,8,2,0,0,315,403.0,279.4,140.0,82.3,26,1.18,1.67,2.85,41.30
Bryan,Gil Salvatierra,Spurs,Midfielder,5.0,1.1,12,200,0,0,0,11,0,0,0,0,0,0,0,41,28.6,70.1,59.0,15.9,2,0.67,0.24,0.91,7.19
Ben,Davies,Spurs,Defender,4.5,2.0,34,1085,1,2,1,21,0,0,0,2,0,0,0,216,294.8,81.0,124.0,50.3,12,2.34,0.57,2.91,22.43
Alfie,Devine,Spurs,Midfielder,4.5,0.0,0,0,0,0,0,0,0,0,0,0,0,0,0,0,0.0,0.0,0.0,0.0,0,0.00,0.00,0.00,0.00
Radu,Drăgușin,Spurs,Defender,4.5,1.6,14,424,0,0,1,7,0,0,0,1,0,0,0,82,95.4,7.4,6.0,11.0,4,0.14,0.01,0.15,8.20
Emerson,Leite de Souza Junior,Spurs,Defender,4.5,1.2,27,1152,1,0,0,31,0,0,0,4,0,0,4,233,316.0,119.5,55.0,49.4,11,0.22,0.86,1.08,28.71
Fraser,Forster,Spurs,Goalkeeper,4.5,0.0,0,0,0,0,0,0,0,0,0,0,0,0,0,0,0.0,0.0,0.0,0.0,0,0.00,0.00,0.00,0.00
Archie,Gray,Spurs,Midfielder,5.0,0.0,0,0,0,0,0,0,0,0,0,0,0,0,0,0,0.0,0.0,0.0,0.0,0,0.00,0.00,0.00,0.00
Pierre-Emile,Højbjerg,Spurs,Midfielder,5.0,1.1,39,1289,0,0,1,28,1,0,0,4,0,0,0,239,282.2,205.8,108.0,59.7,8,0.68,1.57,2.24,26.52
Brennan,Johnson,Spurs,Midfielder,6.5,3.7,131,2317,5,12,5,42,0,0,0,3,0,0,9,397,554.4,624.3,782.0,196.3,26,10.36,4.30,14.65,43.97
Dejan,Kulusevski,Spurs,Midfielder,6.5,3.6,130,2759,8,3,8,46,0,0,0,7,0,0,14,463,698.8,950.4,953.0,260.1,31,4.95,6.37,11.31,49.32
Giovani,Lo Celso,Spurs,Midfielder,5.0,2.1,47,491,2,2,1,12,0,0,0,2,0,0,6,189,225.8,262.8,110.0,60.0,4,0.54,1.79,2.33,12.46
James,Maddison,Spurs,Midfielder,7.5,4.2,117,2137,4,11,7,31,0,0,0,5,0,0,9,495,630.4,979.5,605.0,221.4,26,6.53,6.21,12.74,32.54
Pedro,Porro,Spurs,Defender,5.5,3.9,136,3090,3,8,7,54,0,0,0,3,0,0,20,720,839.0,877.4,365.0,208.5,35,2.92,6.18,9.10,58.42
Sergio,Reguilón,Spurs,Defender,4.5,3.0,74,1524,0,6,5,30,0,0,0,7,1,0,14,350,390.2,436.3,111.0,93.8,18,0.94,2.83,3.77,30.44
Richarlison,de Andrade,Spurs,Forward,7.0,4.4,122,1481,11,4,7,18,0,0,0,3,0,0,7,305,560.6,208.4,758.0,152.1,18,9.49,1.42,10.91,25.59
Cristian,Romero,Spurs,Defender,5.0,3.2,107,2790,5,0,7,46,1,0,0,7,1,0,15,591,841.8,161.9,252.0,125.9,33,3.25,1.41,4.66,52.55
Pape Matar,Sarr,Spurs,Midfielder,5.0,2.5,86,2063,3,3,9,27,0,0,0,9,0,0,4,397,406.0,373.3,317.0,110.2,27,3.17,2.09,5.26,34.83
Dane,Scarlett,Spurs,Forward,4.5,1.0,4,19,0,0,0,0,0,0,0,0,0,0,0,10,2.0,0.4,6.0,0.8,0,0.00,0.00,0.00,0.02
Oliver,Skipp,Spurs,Midfielder,5.0,1.0,22,691,0,0,0,17,0,0,0,3,0,0,0,105,92.0,126.2,65.0,28.1,5,0.77,0.50,1.27,17.25
Manor,Solomon,Spurs,Midfielder,5.5,2.8,14,196,0,2,0,2,0,0,0,1,0,0,2,53,73.4,144.3,61.0,28.0,2,0.41,0.75,1.16,1.79
Son,Heung-min,Spurs,Midfielder,10.0,6.1,213,2934,17,10,8,51,1,0,0,1,0,0,25,707,993.2,921.9,1131.0,304.7,34,11.49,7.87,19.36,53.77
Djed,Spence,Spurs,Defender,4.5,0.0,0,0,0,0,0,0,0,0,0,0,0,0,0,0,0.0,0.0,0.0,0.0,0,0.00,0.00,0.00,0.00
Destiny,Udogie,Spurs,Defender,5.0,2.8,79,2391,2,3,5,43,0,0,0,5,1,0,8,402,534.8,357.9,279.0,117.3,28,2.42,2.36,4.78,48.70
Micky,van de Ven,Spurs,Defender,4.5,3.0,81,2341,3,0,5,38,0,0,0,5,0,0,10,501,561.6,56.7,85.0,70.5,27,0.61,0.33,0.94,37.56
Alejo,Véliz,Spurs,Forward,5.0,1.4,11,45,1,0,0,2,0,0,0,1,0,0,0,40,35.2,0.9,29.0,6.5,0,0.42,0.00,0.42,1.88
Guglielmo,Vicario,Spurs,Goalkeeper,5.0,2.9,112,3420,0,0,7,61,0,0,0,2,0,110,9,730,974.2,0.0,0.0,97.4,38,0.00,0.00,0.00,63.58
Timo,Werner,Spurs,Midfielder,6.5,3.5,46,808,2,4,0,16,0,0,0,1,0,0,5,173,179.0,239.0,305.0,72.3,10,3.81,2.93,6.74,11.06
Alfie,Whiteman,Spurs,Goalkeeper,4.0,0.0,0,0,0,0,0,0,0,0,0,0,0,0,0,0,0.0,0.0,0.0,0.0,0,0.00,0.00,0.00,0.00
Edson,Álvarez Velázquez,West Ham,Midfielder,5.0,2.0,62,2375,1,1,5,45,0,0,0,11,0,0,3,345,545.8,193.1,89.0,82.7,28,1.37,0.81,2.18,49.85
Michail,Antonio,West Ham,Forward,5.5,3.0,78,1692,6,2,5,34,0,0,0,6,0,0,8,228,308.6,132.2,395.0,82.7,21,5.45,1.28,6.72,35.84
Alphonse,Areola,West Ham,Goalkeeper,4.5,3.7,116,2700,0,0,4,53,1,2,0,1,0,138,11,598,1023.2,0.0,0.0,102.4,31,0.00,0.00,0.00,54.72
Jarrod,Bowen,West Ham,Midfielder,7.5,5.4,182,3020,16,6,5,63,0,0,0,2,0,0,14,519,890.4,463.8,1130.0,247.8,34,11.96,4.90,16.86,62.39
Maxwel,Cornet,West Ham,Midfielder,5.0,1.9,13,109,1,0,0,3,0,0,0,0,0,0,0,40,44.0,48.4,54.0,14.6,1,0.40,0.02,0.42,2.82
Vladimír,Coufal,West Ham,Defender,4.5,2.4,85,3135,0,7,4,70,0,0,0,5,1,0,9,514,661.6,500.0,92.0,125.6,36,0.35,3.01,3.36,66.02
Aaron,Cresswell,West Ham,Defender,4.0,0.9,10,431,0,0,0,11,0,0,0,1,0,0,0,71,58.8,77.2,2.0,13.9,4,0.00,0.44,0.44,5.94
George,Earthy,West Ham,Midfielder,4.5,2.7,8,33,1,0,0,0,0,0,0,0,0,0,0,27,32.8,2.0,33.0,6.9,0,0.35,0.00,0.35,0.16
Emerson,Palmieri dos Santos,West Ham,Defender,4.5,2.3,82,3138,1,4,5,67,1,0,0,10,0,0,8,519,649.0,400.2,168.0,121.8,35,1.64,2.07,3.71,68.08
Łukasz,Fabiański,West Ham,Goalkeeper,4.0,2.4,24,721,0,0,1,21,0,0,0,0,0,33,1,152,245.6,0.0,0.0,24.6,7,0.00,0.00,0.00,17.00
Wes,Foderingham,West Ham,Goalkeeper,4.5,2.3,70,2648,0,0,1,79,1,0,0,2,0,133,7,531,966.0,10.0,0.0,97.7,29,0.00,0.05,0.05,62.03
Danny,Ings,West Ham,Forward,5.0,1.8,36,389,1,2,0,10,0,0,0,1,0,0,4,105,82.4,64.4,125.0,27.1,3,1.18,0.26,1.44,10.43
Max,Kilman,West Ham,Defender,4.5,2.2,82,3420,2,0,5,65,0,0,0,7,0,0,3,592,853.6,233.1,212.0,130.2,38,1.78,1.12,2.90,67.17
Mohammed,Kudus,West Ham,Midfielder,6.5,4.2,137,2485,8,9,3,61,0,0,0,6,0,0,13,476,667.2,472.9,566.0,170.8,27,5.06,3.48,8.54,49.50
Luis Guilherme,Lira dos Santos,West Ham,Midfielder,5.0,0.0,0,0,0,0,0,0,0,0,0,0,0,0,0,0,0.0,0.0,0.0,0.0,0,0.00,0.00,0.00,0.00
Lucas,Tolentino Coelho de Lima,West Ham,Midfielder,6.0,3.2,100,2627,4,6,4,52,0,0,0,10,0,0,7,398,570.6,722.3,343.0,163.7,31,5.19,4.93,10.12,50.96
Konstantinos,Mavropanos,West Ham,Defender,4.5,2.1,40,1500,1,0,3,27,2,0,0,2,0,0,3,229,300.2,41.9,112.0,45.3,16,1.19,0.09,1.28,29.36
Nayef,Aguerd,West Ham,Defender,4.5,1.7,36,1857,1,0,2,44,0,0,0,1,1,0,0,282,439.4,58.1,145.0,64.4,21,1.37,0.41,1.78,38.79
Tomáš,Souček,West Ham,Midfielder,5.0,3.1,116,2867,7,2,5,64,0,0,0,7,0,0,9,456,751.6,262.5,488.0,150.3,34,6.69,1.14,7.83,62.38
James,Ward-Prowse,West Ham,Midfielder,6.5,3.9,146,3000,7,7,5,65,0,0,0,4,0,0,19,708,831.0,1023.5,324.0,217.5,34,6.23,6.30,12.53,63.29
Kurt,Zouma,West Ham,Defender,4.5,2.3,76,2838,3,0,3,63,0,0,0,3,0,0,6,444,636.8,55.1,227.0,92.0,32,1.90,0.07,1.97,59.80
Rayan,Aït-Nouri,Wolves,Defender,4.5,2.3,77,2327,2,3,3,43,0,0,0,7,0,0,6,365,448.4,376.9,253.0,107.7,29,3.12,1.81,4.93,45.79
Boubacar,Traoré,Wolves,Midfielder,5.0,1.0,25,802,0,0,0,23,0,0,0,4,0,0,0,122,114.4,106.5,27.0,25.2,7,0.28,0.33,0.61,18.74
Jean-Ricner,Bellegarde,Wolves,Midfielder,5.0,2.0,45,948,2,2,0,24,0,0,0,0,1,0,1,150,189.8,170.1,163.0,52.2,10,1.35,0.76,2.11,26.15
Daniel,Bentley,Wolves,Goalkeeper,4.0,3.6,18,382,0,0,2,7,0,0,0,0,0,8,1,73,70.8,0.0,0.0,7.1,3,0.00,0.00,0.00,7.79
Francisco Jorge,Tomás Oliveira,Wolves,Midfielder,4.5,0.0,0,0,0,0,0,0,0,0,0,0,0,0,0,0,0.0,0.0,0.0,0.0,0,0.00,0.00,0.00,0.00
Tawanda,Chirewa,Wolves,Midfielder,4.5,1.0,8,138,0,0,0,2,0,0,0,1,0,0,0,21,22.0,24.7,21.0,6.6,1,0.16,0.07,0.23,1.45
Leon,Chiwome,Wolves,Forward,4.5,1.7,5,173,0,0,0,4,0,0,0,0,0,0,0,12,7.8,1.2,13.0,2.2,2,0.10,0.02,0.12,1.89
Luke,Cundle,Wolves,Midfielder,4.5,0.0,0,0,0,0,0,0,0,0,0,0,0,0,0,0,0.0,0.0,0.0,0.0,0,0.00,0.00,0.00,0.00
Matheus,Santos Carneiro Da Cunha,Wolves,Forward,6.5,4.2,135,2438,12,7,6,46,0,0,0,9,0,0,15,520,786.0,409.8,872.0,206.4,29,9.49,2.97,12.46,48.51
Craig,Dawson,Wolves,Defender,4.5,2.8,69,2209,1,1,6,38,0,0,0,7,0,0,6,421,611.8,108.6,222.0,94.4,25,1.58,0.42,2.00,38.47
Matt,Doherty,Wolves,Defender,4.5,1.4,41,1136,1,0,1,21,0,0,0,2,0,0,1,186,237.8,168.1,122.0,52.9,9,0.89,0.86,1.75,23.16
Tommy,Doyle,Wolves,Midfielder,5.0,1.5,38,1209,0,0,3,24,0,0,0,2,0,0,0,197,198.4,173.7,55.0,42.7,11,0.42,0.87,1.29,22.22
Fábio,Silva,Wolves,Forward,5.0,1.0,8,259,0,0,1,8,0,0,0,2,0,0,0,7,25.2,51.6,93.0,16.9,3,1.12,0.09,1.21,7.20
Nathan,Fraser,Wolves,Forward,4.5,1.0,7,183,0,0,1,3,0,0,0,1,0,0,0,17,22.4,29.2,36.0,8.6,1,0.32,0.06,0.38,3.25
Enso,González,Wolves,Midfielder,4.5,1.0,1,1,0,0,0,0,0,0,0,0,0,0,0,3,0.2,0.8,0.0,0.1,0,0.00,0.00,0.00,0.00
Gonçalo Manuel,Ganchinho Guedes,Wolves,Midfielder,5.5,0.0,0,0,0,0,0,0,0,0,0,0,0,0,0,0,0.0,0.0,0.0,0.0,0,0.00,0.00,0.00,0.00
Hugo,Bueno López,Wolves,Defender,4.5,1.3,29,727,0,0,2,16,1,0,0,1,0,0,0,136,139.4,122.1,30.0,29.0,7,0.31,0.68,0.99,12.99
Hwang,Hee-chan,Wolves,Midfielder,6.5,4.3,125,2116,12,3,3,37,0,0,0,6,0,0,10,334,534.2,259.9,614.0,140.7,25,7.53,2.84,10.37,38.86
Joe,Hodge,Wolves,Midfielder,4.5,0.0,0,0,0,0,0,0,0,0,0,0,0,0,0,0,0.0,0.0,0.0,0.0,0,0.00,0.00,0.00,0.00
Ki-Jana,Hoever,Wolves,Defender,4.0,0.0,0,0,0,0,0,0,0,0,0,0,0,0,0,0,0.0,0.0,0.0,0.0,0,0.00,0.00,0.00,0.00
João Victor,Gomes da Silva,Wolves,Midfielder,5.0,2.2,75,2646,2,2,4,51,0,0,0,11,0,0,3,359,493.2,372.3,196.0,106.1,32,1.82,1.76,3.58,53.05
José,Malheiro de Sá,Wolves,Goalkeeper,4.5,3.1,107,3037,0,1,4,58,0,0,0,1,0,134,8,622,1003.4,11.0,0.0,101.6,35,0.00,0.00,0.00,59.38
Saša,Kalajdžić,Wolves,Forward,5.0,2.2,24,158,2,0,1,2,0,0,0,0,0,0,4,88,94.0,48.7,66.0,20.7,1,1.01,0.26,1.27,2.57
Tom,King,Wolves,Goalkeeper,4.0,0.0,0,0,0,0,0,0,0,0,0,0,0,0,0,0,0.0,0.0,0.0,0.0,0,0.00,0.00,0.00,0.00
Mario,Lemina,Wolves,Midfielder,5.0,2.7,95,2969,4,1,4,55,0,0,0,10,1,0,13,490,621.6,333.6,470.0,142.7,34,4.60,1.26,5.86,60.17
Yerson,Mosquera,Wolves,Defender,4.0,0.0,0,0,0,0,0,0,0,0,0,0,0,0,0,0,0.0,0.0,0.0,0.0,0,0.00,0.00,0.00,0.00
Nélson,Cabral Semedo,Wolves,Defender,4.5,1.8,63,3084,0,2,5,62,0,0,0,10,1,0,0,455,508.8,395.7,165.0,107.2,36,0.97,1.69,2.65,69.09
Pedro,Lomba Neto,Wolves,Midfielder,6.5,4.3,86,1516,2,11,3,27,0,0,0,4,0,0,8,310,371.4,599.2,389.0,135.5,18,3.17,3.69,6.86,29.09
Pedro,Cardoso de Lima,Wolves,Defender,4.0,0.0,0,0,0,0,0,0,0,0,0,0,0,0,0,0,0.0,0.0,0.0,0.0,0,0.00,0.00,0.00,0.00
Daniel,Castelo Podence,Wolves,Midfielder,5.5,0.0,0,0,0,0,0,0,0,0,0,0,0,0,0,0,0.0,0.0,0.0,0.0,0,0.00,0.00,0.00,0.00
Rodrigo,Martins Gomes,Wolves,Midfielder,5.5,0.0,0,0,0,0,0,0,0,0,0,0,0,0,0,0,0.0,0.0,0.0,0.0,0,0.00,0.00,0.00,0.00
Santiago,Bueno,Wolves,Defender,4.5,1.1,13,819,0,0,0,18,0,0,0,1,0,0,0,124,173.8,27.1,2.0,20.3,9,0.00,0.01,0.01,20.71
Pablo,Sarabia,Wolves,Midfielder,5.5,3.3,99,1737,4,7,6,27,0,0,0,5,0,0,8,358,469.2,795.3,418.0,168.4,20,5.52,5.00,10.52,30.95
Jørgen,Strand Larsen,Wolves,Forward,5.5,0.0,0,0,0,0,0,0,0,0,0,0,0,0,0,0,0.0,0.0,0.0,0.0,0,0.00,0.00,0.00,0.00
Toti António,Gomes,Wolves,Defender,4.5,2.3,82,2771,1,4,4,49,0,0,0,7,0,0,6,468,550.0,117.7,167.0,83.7,31,1.62,0.63,2.25,53.46
