first_name,second_name,club_name,position,cost
Fábio,Ferreira Vieira,Arsenal,Midfielder,5.5
Gabriel,Fernando de Jesus,Arsenal,Forward,7.0
Gabriel,dos Santos Magalhães,Arsenal,Defender,6.0
Kai,Havertz,Arsenal,Forward,8.0
Karl,Hein,Arsenal,Goalkeeper,4.0
Jurriën,Timber,Arsenal,Defender,5.5
Jorge Luiz,Frello Filho,Arsenal,Midfielder,5.0
Jakub,Kiwior,Arsenal,Defender,5.0
Gabriel,Martinelli Silva,Arsenal,Midfielder,7.0
Reiss,Nelson,Arsenal,Midfielder,5.0
Eddie,Nketiah,Arsenal,Forward,6.0
Ethan,Nwaneri,Arsenal,Midfielder,4.5
Martin,Ødegaard,Arsenal,Midfielder,8.5
Aaron,Ramsdale,Arsenal,Goalkeeper,4.5
David,Raya Martin,Arsenal,Goalkeeper,5.5
Declan,Rice,Arsenal,Midfielder,6.5
Bukayo,Saka,Arsenal,Midfielder,10.0
William,Saliba,Arsenal,Defender,6.0
Emile,Smith Rowe,Arsenal,Midfielder,5.5
Thomas,Partey,Arsenal,Midfielder,5.0
Kieran,Tierney,Arsenal,Defender,4.5
Tomiyasu,Takehiro,Arsenal,Defender,5.0
Leandro,Trossard,Arsenal,Midfielder,7.0
Benjamin,White,Arsenal,Defender,6.5
Oleksandr,Zinchenko,Arsenal,Defender,5.0
Álex,Moreno Lopera,Aston Villa,Defender,4.5
Cameron,Archer,Aston Villa,Forward,5.0
Leon,Bailey,Aston Villa,Midfielder,6.5
Ross,Barkley,Aston Villa,Midfielder,5.5
Enzo,Barrenechea,Aston Villa,Midfielder,5.0
Emiliano,Buendía Stati,Aston Villa,Midfielder,5.5
Matty,Cash,Aston Villa,Defender,4.5
Leander,Dendoncker,Aston Villa,Midfielder,4.5
Moussa,Diaby,Aston Villa,Midfielder,6.5
Diego Carlos,Santos Silva,Aston Villa,Defender,4.5
Lucas,Digne,Aston Villa,Defender,4.5
Lewis,Dobbin,Aston Villa,Midfielder,5.0
Jhon,Durán,Aston Villa,Forward,6.0
Joe,Gauci,Aston Villa,Goalkeeper,4.0
Kortney,Hause,Aston Villa,Defender,4.0
Samuel,Iling-Junior,Aston Villa,Midfielder,5.5
Boubacar,Kamara,Aston Villa,Midfielder,5.0
Kaine,Kesler-Hayden,Aston Villa,Defender,4.0
Ezri,Konsa Ngoyo,Aston Villa,Defender,4.5
Ian,Maatsen,Aston Villa,Defender,5.0
Filip,Marschall,Aston Villa,Goalkeeper,4.0
Emiliano,Martínez Romero,Aston Villa,Goalkeeper,5.0
John,McGinn,Aston Villa,Midfielder,5.5
Tyrone,Mings,Aston Villa,Defender,4.5
Kosta,Nedeljković,Aston Villa,Defender,4.0
Robin,Olsen,Aston Villa,Goalkeeper,4.5
Pau,Torres,Aston Villa,Defender,4.5
Jacob,Ramsey,Aston Villa,Midfielder,5.5
Morgan,Rogers,Aston Villa,Midfielder,5.0
Viljami,Sinisalo,Aston Villa,Goalkeeper,4.0
Lino,da Cruz Sousa,Aston Villa,Defender,4.0
Youri,Tielemans,Aston Villa,Midfielder,5.5
Ollie,Watkins,Aston Villa,Forward,9.0
Jaden,Philogene,Aston Villa,Midfielder,5.5
Max,Aarons,Bournemouth,Defender,4.5
Tyler,Adams,Bournemouth,Midfielder,5.0
Jaidon,Anthony,Bournemouth,Midfielder,4.5
David,Brooks,Bournemouth,Midfielder,5.0
Ryan,Christie,Bournemouth,Midfielder,5.0
Lewis,Cook,Bournemouth,Midfielder,5.0
Enes,Ünal,Bournemouth,Forward,5.5
Romain,Faivre,Bournemouth,Midfielder,5.0
Hamed,Traorè,Bournemouth,Midfielder,4.5
James,Hill,Bournemouth,Defender,4.0
Daniel,Jebbison,Bournemouth,Forward,4.5
Milos,Kerkez,Bournemouth,Defender,4.5
Justin,Kluivert,Bournemouth,Midfielder,5.5
Chris,Mepham,Bournemouth,Defender,4.5
Norberto,Murara Neto,Bournemouth,Goalkeeper,4.5
Dango,Ouattara,Bournemouth,Midfielder,5.0
Alex,Paulsen,Bournemouth,Goalkeeper,4.0
Philip,Billing,Bournemouth,Midfielder,5.0
Alex,Scott,Bournemouth,Midfielder,5.0
Antoine,Semenyo,Bournemouth,Midfielder,5.5
Marcos,Senesi,Bournemouth,Defender,5.0
Luis,Sinisterra,Bournemouth,Midfielder,5.0
Adam,Smith,Bournemouth,Defender,4.5
Dominic,Solanke-Mitchell,Bournemouth,Forward,7.5
Marcus,Tavernier,Bournemouth,Midfielder,5.5
Mark,Travers,Bournemouth,Goalkeeper,4.5
Illia,Zabarnyi,Bournemouth,Defender,4.5
Kristoffer,Ajer,Brentford,Defender,4.5
Ethan,Brierley,Brentford,Midfielder,4.5
Nathan,Collins,Brentford,Defender,4.5
Mikkel,Damsgaard,Brentford,Midfielder,5.0
Josh,Dasilva,Brentford,Midfielder,5.0
Mark,Flekken,Brentford,Goalkeeper,4.5
Rico,Henry,Brentford,Defender,4.5
Aaron,Hickey,Brentford,Defender,4.5
Vitaly,Janelt,Brentford,Midfielder,5.0
Mathias,Jensen,Brentford,Midfielder,5.5
Kim,Ji-soo,Brentford,Defender,4.0
Yunus Emre,Konak,Brentford,Midfielder,4.5
Keane,Lewis-Potter,Brentford,Midfielder,5.0
Bryan,Mbeumo,Brentford,Midfielder,7.0
Ben,Mee,Brentford,Defender,4.5
Christian,Nørgaard,Brentford,Midfielder,5.0
Frank,Onyeka,Brentford,Midfielder,5.0
Myles,Peart-Harris,Brentford,Midfielder,4.5
Ethan,Pinnock,Brentford,Defender,4.5
Mads,Roerslev Rasmussen,Brentford,Defender,4.5
Kevin,Schade,Brentford,Midfielder,5.5
Igor Thiago,Nascimento Rodrigues,Brentford,Forward,6.0
Ivan,Toney,Brentford,Forward,7.5
Hákon,Valdimarsson,Brentford,Goalkeeper,4.0
Yoane,Wissa,Brentford,Forward,6.0
Yehor,Yarmoliuk,Brentford,Midfielder,4.5
Mathias,Jorgensen,Brentford,Defender,4.5
Simon,Adingra,Brighton,Midfielder,5.5
Benicio,Baker-Boaitey,Brighton,Midfielder,4.5
Carlos,Baleba,Brighton,Midfielder,5.0
Valentín,Barco,Brighton,Defender,4.0
Facundo,Buonanotte,Brighton,Midfielder,5.0
Amario,Cozier-Duberry,Brighton,Midfielder,4.5
Mahmoud,Dahoud,Brighton,Midfielder,5.0
Lewis,Dunk,Brighton,Defender,4.5
Julio,Enciso,Brighton,Midfielder,5.5
Pervis,Estupiñán,Brighton,Defender,5.0
Evan,Ferguson,Brighton,Forward,5.5
Billy,Gilmour,Brighton,Midfielder,5.0
Pascal,Groß,Brighton,Midfielder,6.5
Jack,Hinshelwood,Brighton,Midfielder,5.0
Ibrahim,Osman,Brighton,Midfielder,5.0
Igor Julio,dos Santos de Paulo,Brighton,Defender,4.5
João Pedro,Junqueira de Jesus,Brighton,Forward,5.5
Kacper,Kozłowski,Brighton,Midfielder,4.5
Tariq,Lamptey,Brighton,Defender,4.5
Solly,March,Brighton,Midfielder,6.5
Adrian,Mazilu,Brighton,Midfielder,4.5
James,Milner,Brighton,Midfielder,5.0
Yankuba,Minteh,Brighton,Midfielder,5.5
Mitoma,Kaoru,Brighton,Midfielder,6.5
Jakub,Moder,Brighton,Midfielder,4.5
Mark,O’Mahony,Brighton,Forward,4.5
Odeluga,Offiah,Brighton,Defender,4.0
Cameron,Peupion,Brighton,Midfielder,4.5
Jeremy,Sarmiento Morante,Brighton,Midfielder,5.0
Jason,Steele,Brighton,Goalkeeper,4.5
Deniz,Undav,Brighton,Forward,5.5
Jan Paul,van Hecke,Brighton,Defender,4.5
Joël,Veltman,Brighton,Defender,4.5
Bart,Verbruggen,Brighton,Goalkeeper,4.5
Adam,Webster,Brighton,Defender,4.5
Danny,Welbeck,Brighton,Forward,5.5
Mats,Wieffer,Brighton,Midfielder,5.0
Andrey,Nascimento dos Santos,Chelsea,Midfielder,4.5
Ângelo Gabriel,Borges Damaceno,Chelsea,Midfielder,4.5
Kepa,Arrizabalaga,Chelsea,Goalkeeper,4.5
Benoît,Badiashile,Chelsea,Defender,4.5
Lucas,Bergström,Chelsea,Goalkeeper,4.0
Marcus,Bettinelli,Chelsea,Goalkeeper,4.0
Armando,Broja,Chelsea,Forward,5.5
Moisés,Caicedo Corozo,Chelsea,Midfielder,5.0
Cesare,Casadei,Chelsea,Midfielder,4.5
Trevoh,Chalobah,Chelsea,Defender,4.5
Ben,Chilwell,Chelsea,Defender,5.0
Carney,Chukwuemeka,Chelsea,Midfielder,5.0
Levi,Colwill,Chelsea,Defender,4.5
Marc,Cucurella Saseta,Chelsea,Defender,5.0
David Datro,Fofana,Chelsea,Forward,5.5
Deivid Washington,de Souza Eugênio,Chelsea,Forward,5.0
Kiernan,Dewsbury-Hall,Chelsea,Midfielder,6.0
Axel,Disasi,Chelsea,Defender,4.5
Enzo,Fernández,Chelsea,Midfielder,5.0
Conor,Gallagher,Chelsea,Midfielder,6.0
Alfie,Gilchrist,Chelsea,Defender,4.0
Malo,Gusto,Chelsea,Defender,5.0
Reece,James,Chelsea,Defender,5.0
Omari,Kellyman,Chelsea,Midfielder,4.5
Roméo,Lavia,Chelsea,Midfielder,4.5
Romelu,Lukaku Bolingoli,Chelsea,Forward,6.5
Malang,Sarr,Chelsea,Defender,4.5
Noni,Madueke,Chelsea,Midfielder,6.5
Marc,Guiu Paz,Chelsea,Forward,5.0
Mykhailo,Mudryk,Chelsea,Midfielder,6.5
Nicolas,Jackson,Chelsea,Forward,7.5
Christopher,Nkunku,Chelsea,Midfielder,6.5
Cole,Palmer,Chelsea,Midfielder,10.5
Đorđe,Petrović,Chelsea,Goalkeeper,4.5
Renato,Palma Veiga,Chelsea,Midfielder,4.5
Robert,Sánchez,Chelsea,Goalkeeper,4.5
Raheem,Sterling,Chelsea,Midfielder,7.0
Tosin,Adarabioyo,Chelsea,Defender,4.5
Lesley,Ugochukwu,Chelsea,Midfielder,4.5
Wesley,Fofana,Chelsea,Defender,4.5
Naouirou,Ahamada,Crystal Palace,Midfielder,4.5
Joachim,Andersen,Crystal Palace,Defender,4.5
Jordan,Ayew,Crystal Palace,Midfielder,5.5
Cheick,Doucouré,Crystal Palace,Midfielder,5.0
Chris,Richards,Crystal Palace,Defender,4.5
Chadi,Riad Dnanou,Crystal Palace,Defender,4.5
Nathaniel,Clyne,Crystal Palace,Defender,4.5
Malcolm,Ebiowei,Crystal Palace,Midfielder,4.5
Odsonne,Edouard,Crystal Palace,Forward,5.5
Eberechi,Eze,Crystal Palace,Midfielder,7.0
Marc,Guéhi,Crystal Palace,Defender,4.5
Dean,Henderson,Crystal Palace,Goalkeeper,4.5
Rob,Holding,Crystal Palace,Defender,4.5
Will,Hughes,Crystal Palace,Midfielder,5.0
Sam,Johnstone,Crystal Palace,Goalkeeper,4.5
Daichi,Kamada,Crystal Palace,Midfielder,5.5
Jefferson,Lerma Solís,Crystal Palace,Midfielder,5.0
Jean-Philippe,Mateta,Crystal Palace,Forward,7.5
Matheus,França de Oliveira,Crystal Palace,Midfielder,4.5
Remi,Matthews,Crystal Palace,Goalkeeper,4.0
Tyrick,Mitchell,Crystal Palace,Defender,5.0
Daniel,Muñoz,Crystal Palace,Defender,5.0
David,Ozoh,Crystal Palace,Midfielder,4.5
Jesurun,Rak-Sakyi,Crystal Palace,Midfielder,4.5
Jeffrey,Schlupp,Crystal Palace,Midfielder,5.0
Joel,Ward,Crystal Palace,Defender,4.5
Adam,Wharton,Crystal Palace,Midfielder,5.0
Abdoulaye,Doucouré,Everton,Midfielder,5.5
Norberto Bercique,Gomes Betuncal,Everton,Forward,5.0
Jarrad,Branthwaite,Everton,Defender,5.0
Dominic,Calvert-Lewin,Everton,Forward,6.0
Séamus,Coleman,Everton,Defender,4.5
Idrissa,Gueye,Everton,Midfielder,5.0
James,Garner,Everton,Midfielder,5.0
Jack,Harrison,Everton,Midfielder,5.5
Mason,Holgate,Everton,Defender,4.0
Tim,Iroegbunam,Everton,Midfielder,4.5
João,Neves Virgínia,Everton,Goalkeeper,4.0
Michael,Keane,Everton,Defender,4.0
Neal,Maupay,Everton,Forward,5.0
Dwight,McNeil,Everton,Midfielder,5.5
Vitalii,Mykolenko,Everton,Defender,4.5
Iliman,Ndiaye,Everton,Forward,5.5
Amadou,Onana,Everton,Midfielder,5.0
Nathan,Patterson,Everton,Defender,4.5
Jordan,Pickford,Everton,Goalkeeper,5.0
James,Tarkowski,Everton,Defender,5.0
Youssef,Ramalho Chermiti,Everton,Forward,5.0
Ashley,Young,Everton,Defender,4.5
Adama,Traoré,Fulham,Midfielder,5.0
Andreas,Hoelgebaum Pereira,Fulham,Midfielder,5.5
Calvin,Bassey,Fulham,Defender,4.5
Steven,Benda,Fulham,Goalkeeper,4.0
Tom,Cairney,Fulham,Midfielder,5.0
Timothy,Castagne,Fulham,Defender,4.5
Issa,Diop,Fulham,Defender,4.5
Luke,Harris,Fulham,Midfielder,4.5
Alex,Iwobi,Fulham,Midfielder,5.5
Bernd,Leno,Fulham,Goalkeeper,5.0
Saša,Lukić,Fulham,Midfielder,5.0
Kevin,Mbabu,Fulham,Defender,4.0
Rodrigo,Muniz Carvalho,Fulham,Forward,6.0
Raúl,Jiménez,Fulham,Forward,5.5
Tim,Ream,Fulham,Defender,4.5
Harrison,Reed,Fulham,Midfielder,5.0
Antonee,Robinson,Fulham,Defender,4.5
Jay,Stansfield,Fulham,Forward,5.0
Kenny,Tete,Fulham,Defender,4.5
Carlos Vinícius,Alves Morais,Fulham,Forward,5.0
Harry,Wilson,Fulham,Midfielder,5.5
Ali,Al-Hamadi,Ipswich,Forward,5.0
Elkan,Baggott,Ipswich,Defender,4.0
Nathan,Broadhead,Ipswich,Midfielder,5.0
Cameron,Burgess,Ipswich,Defender,4.0
Wes,Burns,Ipswich,Midfielder,5.0
Conor,Chaplin,Ipswich,Midfielder,5.5
Harry,Clarke,Ipswich,Defender,4.0
Leif,Davis,Ipswich,Defender,4.5
Liam,Delap,Ipswich,Forward,5.5
George,Edmundson,Ipswich,Defender,4.0
Jacob,Greaves,Ipswich,Defender,4.0
Marcus,Myers-Harness,Ipswich,Midfielder,5.0
George,Hirst,Ipswich,Forward,5.5
Cameron,Humphreys,Ipswich,Midfielder,4.5
Omari,Giraud-Hutchinson,Ipswich,Midfielder,5.5
Ben,Johnson,Ipswich,Defender,4.0
Freddie,Ladapo,Ipswich,Forward,4.5
Massimo,Luongo,Ipswich,Midfielder,4.5
Sam,Morsy,Ipswich,Midfielder,5.0
Corrie,Ndaba,Ipswich,Defender,4.0
Cieran,Slicker,Ipswich,Goalkeeper,4.0
Jack,Taylor,Ipswich,Midfielder,5.0
Axel,Tuanzebe,Ipswich,Defender,4.0
Christian,Walton,Ipswich,Goalkeeper,4.5
Luke,Woolfenden,Ipswich,Defender,4.0
Arijanet,Muric,Ipswich,Goalkeeper,4.5
Boubakary,Soumaré,Leicester,Midfielder,4.5
Tom,Cannon,Leicester,Forward,4.5
Hamza,Choudhury,Leicester,Midfielder,4.5
Conor,Coady,Leicester,Defender,4.0
Patson,Daka,Leicester,Forward,5.0
Bobby,De Cordova-Reid,Leicester,Midfielder,5.5
Wout,Faes,Leicester,Defender,4.0
Michael,Golding,Leicester,Midfielder,4.5
Mads,Hermansen,Leicester,Goalkeeper,4.5
Daniel,Iversen,Leicester,Goalkeeper,4.0
James,Justin,Leicester,Defender,4.5
Victor,Kristiansen,Leicester,Defender,4.5
Wanya,Marçal-Madivádua,Leicester,Midfielder,4.5
Stephy,Mavididi,Leicester,Midfielder,5.5
Kasey,McAteer,Leicester,Midfielder,5.0
Wilfred,Ndidi,Leicester,Midfielder,5.0
Caleb,Okoli,Leicester,Defender,4.0
Ricardo,Barbosa Pereira,Leicester,Defender,4.5
Harry,Souttar,Leicester,Defender,4.0
Jakub,Stolarczyk,Leicester,Goalkeeper,4.0
Luke,Thomas,Leicester,Defender,4.0
Jamie,Vardy,Leicester,Forward,5.5
Jannik,Vestergaard,Leicester,Defender,4.0
Danny,Ward,Leicester,Goalkeeper,4.0
Harry,Winks,Leicester,Midfielder,4.5
Abdul,Fatawu,Leicester,Midfielder,5.5
Alisson,Ramses Becker,Liverpool,Goalkeeper,5.5
Trent,Alexander-Arnold,Liverpool,Defender,7.0
Stefan,Bajčetić Maquieira,Liverpool,Midfielder,4.5
Conor,Bradley,Liverpool,Defender,5.0
Fábio,Freitas Gouveia Carvalho,Liverpool,Midfielder,5.0
Bobby,Clark,Liverpool,Midfielder,4.5
Darwin,Núñez Ribeiro,Liverpool,Forward,7.5
Diogo,Teixeira da Silva,Liverpool,Midfielder,7.5
Ben,Doak,Liverpool,Midfielder,4.5
Harvey,Elliott,Liverpool,Midfielder,5.5
Endo,Wataru,Liverpool,Midfielder,5.0
Cody,Gakpo,Liverpool,Forward,7.5
Joe,Gomez,Liverpool,Defender,5.0
Ryan,Gravenberch,Liverpool,Midfielder,5.0
Curtis,Jones,Liverpool,Midfielder,5.5
Caoimhin,Kelleher,Liverpool,Goalkeeper,4.5
Ibrahima,Konaté,Liverpool,Defender,5.0
Luis,Díaz,Liverpool,Midfielder,7.5
Mohamed,Salah,Liverpool,Midfielder,12.5
Alexis,Mac Allister,Liverpool,Midfielder,6.5
James,McConnell,Liverpool,Midfielder,4.5
Tyler,Morton,Liverpool,Midfielder,4.5
Nathaniel,Phillips,Liverpool,Defender,4.0
Jarell,Quansah,Liverpool,Defender,4.5
Rhys,Williams,Liverpool,Defender,4.0
Andrew,Robertson,Liverpool,Defender,6.0
Dominik,Szoboszlai,Liverpool,Midfielder,6.5
Konstantinos,Tsimikas,Liverpool,Defender,5.0
Sepp,van den Berg,Liverpool,Defender,4.0
Virgil,van Dijk,Liverpool,Defender,6.0
Manuel,Akanji,Man City,Defender,5.5
Nathan,Aké,Man City,Defender,5.5
Bernardo,Veiga de Carvalho e Silva,Man City,Midfielder,6.5
Oscar,Bobb,Man City,Midfielder,5.0
Scott,Carson,Man City,Goalkeeper,4.0
Kevin,De Bruyne,Man City,Midfielder,9.5
Jérémy,Doku,Man City,Midfielder,6.5
Ederson,Santana de Moraes,Man City,Goalkeeper,5.5
Phil,Foden,Man City,Midfielder,9.5
Jack,Grealish,Man City,Midfielder,6.5
Joško,Gvardiol,Man City,Defender,6.0
Erling,Haaland,Man City,Forward,15.0
Julián,Álvarez,Man City,Forward,7.0
João,Cavaco Cancelo,Man City,Defender,5.5
Mateo,Kovačić,Man City,Midfielder,5.5
Rico,Lewis,Man City,Defender,4.5
Matheus Luiz,Nunes,Man City,Midfielder,5.0
James,McAtee,Man City,Midfielder,5.0
Stefan,Ortega Moreno,Man City,Goalkeeper,5.5
Kalvin,Phillips,Man City,Midfielder,5.0
Rodrigo 'Rodri',Hernandez,Man City,Midfielder,6.5
Rúben,Gato Alves Dias,Man City,Defender,5.5
John,Stones,Man City,Defender,5.5
Kyle,Walker,Man City,Defender,5.5
Sávio 'Savinho',Moreira de Oliveira,Man City,Midfielder,6.5
Amad,Diallo,Man Utd,Midfielder,5.0
Antony Matheus,dos Santos,Man Utd,Midfielder,6.0
Bruno,Borges Fernandes,Man Utd,Midfielder,8.5
Altay,Bayindir,Man Utd,Goalkeeper,4.5
Carlos Henrique,Casimiro,Man Utd,Midfielder,5.0
Diogo,Dalot Teixeira,Man Utd,Defender,5.0
Christian,Eriksen,Man Utd,Midfielder,5.5
Jonny,Evans,Man Utd,Defender,4.5
Alejandro,Garnacho,Man Utd,Midfielder,6.5
Hannibal,Mejbri,Man Utd,Midfielder,4.5
Tom,Heaton,Man Utd,Goalkeeper,4.0
Rasmus,Højlund,Man Utd,Forward,7.0
Victor,Lindelöf,Man Utd,Defender,4.5
Harry,Maguire,Man Utd,Defender,5.0
Kobbie,Mainoo,Man Utd,Midfielder,5.5
Tyrell,Malacia,Man Utd,Defender,4.5
Lisandro,Martínez,Man Utd,Defender,4.5
Scott,McTominay,Man Utd,Midfielder,5.0
Mason,Mount,Man Utd,Midfielder,6.5
André,Onana,Man Utd,Goalkeeper,5.0
Facundo,Pellistri Rebollo,Man Utd,Midfielder,5.0
Marcus,Rashford,Man Utd,Midfielder,7.0
Jadon,Sancho,Man Utd,Midfielder,6.5
Luke,Shaw,Man Utd,Defender,5.0
Aaron,Wan-Bissaka,Man Utd,Defender,4.5
Joshua,Zirkzee,Man Utd,Forward,7.0
Leny,Yoro,Man Utd,Defender,4.5
Alex,Murphy,Newcastle,Defender,4.0
Miguel,Almirón Rejala,Newcastle,Midfielder,6.0
Harvey,Barnes,Newcastle,Midfielder,6.5
Sven,Botman,Newcastle,Defender,4.5
Bruno,Guimarães Rodriguez Moura,Newcastle,Midfielder,6.5
Dan,Burn,Newcastle,Defender,4.5
Martin,Dúbravka,Newcastle,Goalkeeper,4.5
Ryan,Fraser,Newcastle,Midfielder,5.0
Anthony,Gordon,Newcastle,Midfielder,7.5
Lewis,Hall,Newcastle,Defender,4.5
Isaac,Hayden,Newcastle,Midfielder,4.5
Alexander,Isak,Newcastle,Forward,8.5
Jacob,Murphy,Newcastle,Midfielder,5.5
Joelinton Cássio,Apolinário de Lira,Newcastle,Midfielder,6.0
Lloyd,Kelly,Newcastle,Defender,4.5
Emil,Krafth,Newcastle,Defender,4.5
Garang,Kuol,Newcastle,Midfielder,4.5
Jamaal,Lascelles,Newcastle,Defender,4.5
Jamal,Lewis,Newcastle,Defender,4.0
Tino,Livramento,Newcastle,Defender,4.5
Sean,Longstaff,Newcastle,Midfielder,5.0
Lewis,Miley,Newcastle,Midfielder,5.0
Odysseas,Vlachodimos,Newcastle,Goalkeeper,4.5
Nick,Pope,Newcastle,Goalkeeper,5.0
John,Ruddy,Newcastle,Goalkeeper,4.0
Fabian,Schär,Newcastle,Defender,5.5
Matt,Targett,Newcastle,Defender,4.0
Sandro,Tonali,Newcastle,Midfielder,5.5
Kieran,Trippier,Newcastle,Defender,6.0
Joe,White,Newcastle,Midfielder,4.5
Joe,Willock,Newcastle,Midfielder,5.0
Callum,Wilson,Newcastle,Forward,7.0
Miodrag,Pivaš,Newcastle,Defender,4.0
Ola,Aina,Nott'm Forest,Defender,4.5
Elliot,Anderson,Nott'm Forest,Midfielder,5.0
Taiwo,Awoniyi,Nott'm Forest,Forward,6.0
Willy,Boly,Nott'm Forest,Defender,4.5
Josh,Bowler,Nott'm Forest,Midfielder,4.5
Carlos Miguel,dos Santos Pereira,Nott'm Forest,Goalkeeper,4.5
Eric,da Silva Moreira,Nott'm Forest,Midfielder,4.5
Danilo,dos Santos de Oliveira,Nott'm Forest,Midfielder,5.0
Emmanuel,Dennis,Nott'm Forest,Forward,5.0
Nicolás,Domínguez,Nott'm Forest,Midfielder,5.0
Anthony,Elanga,Nott'm Forest,Midfielder,5.5
Morgan,Gibbs-White,Nott'm Forest,Midfielder,6.5
Callum,Hudson-Odoi,Nott'm Forest,Midfielder,5.5
Alex,Mighten,Nott'm Forest,Midfielder,4.5
Murillo,Santiago Costa dos Santos,Nott'm Forest,Defender,4.5
Neco,Williams,Nott'm Forest,Defender,4.5
Omar,Richards,Nott'm Forest,Defender,4.5
Lewis,O'Brien,Nott'm Forest,Midfielder,5.0
Andrew,Omobamidele,Nott'm Forest,Defender,4.5
Jonathan,Panzo,Nott'm Forest,Defender,4.0
Ibrahim,Sangaré,Nott'm Forest,Midfielder,4.5
Matz,Sels,Nott'm Forest,Goalkeeper,4.5
Harry,Toffolo,Nott'm Forest,Defender,4.5
Matt,Turner,Nott'm Forest,Goalkeeper,4.0
Hwang,Ui-jo,Nott'm Forest,Forward,4.5
Chris,Wood,Nott'm Forest,Forward,6.0
Joe,Worrall,Nott'm Forest,Defender,4.5
Ryan,Yates,Nott'm Forest,Midfielder,5.0
Nikola,Milenković,Nott'm Forest,Defender,4.5
Carlos,Alcaraz Durán,Southampton,Midfielder,5.0
Samuel,Amo-Ameyaw,Southampton,Midfielder,4.5
Joe,Aribo,Southampton,Midfielder,5.0
Adam,Armstrong,Southampton,Forward,5.5
Gavin,Bazunu,Southampton,Goalkeeper,4.5
Jan,Bednarek,Southampton,Defender,4.0
Armel,Bella-Kotchap,Southampton,Defender,4.0
James,Bree,Southampton,Defender,4.0
Shea,Charles,Southampton,Midfielder,4.5
Samuel,Edozie,Southampton,Midfielder,5.0
Ronnie,Edwards,Southampton,Defender,4.0
Taylor,Harwood-Bellis,Southampton,Defender,4.0
Kamaldeen,Sulemana,Southampton,Midfielder,5.0
Adam,Lallana,Southampton,Midfielder,5.0
Juan,Larios López,Southampton,Defender,4.0
Mateusz,Lis,Southampton,Goalkeeper,4.0
Joe,Lumley,Southampton,Goalkeeper,4.0
Ryan,Manning,Southampton,Defender,4.5
Sékou,Mara,Southampton,Forward,5.0
Alex,McCarthy,Southampton,Goalkeeper,4.5
Paul,Onuachu,Southampton,Forward,5.0
Will,Smallbone,Southampton,Midfielder,5.0
Jack,Stephens,Southampton,Defender,4.0
Ross,Stewart,Southampton,Forward,4.5
Sugawara,Yukinari,Southampton,Defender,4.5
Charlie,Taylor,Southampton,Defender,4.0
Kyle,Walker-Peters,Southampton,Defender,4.5
Nathan,Wood-Gordon,Southampton,Defender,4.0
Flynn,Downes,Southampton,Midfielder,5.0
Ashley,Phillips,Spurs,Defender,4.0
Brandon,Austin,Spurs,Goalkeeper,4.0
Rodrigo,Bentancur,Spurs,Midfielder,5.0
Lucas,Bergvall,Spurs,Midfielder,4.5
Yves,Bissouma,Spurs,Midfielder,5.0
Bryan,Gil Salvatierra,Spurs,Midfielder,5.0
Ben,Davies,Spurs,Defender,4.5
Alfie,Devine,Spurs,Midfielder,4.5
Radu,Drăgușin,Spurs,Defender,4.5
Emerson,Leite de Souza Junior,Spurs,Defender,4.5
Fraser,Forster,Spurs,Goalkeeper,4.5
Archie,Gray,Spurs,Midfielder,5.0
Pierre-Emile,Højbjerg,Spurs,Midfielder,5.0
Brennan,Johnson,Spurs,Midfielder,6.5
Dejan,Kulusevski,Spurs,Midfielder,6.5
Giovani,Lo Celso,Spurs,Midfielder,5.0
James,Maddison,Spurs,Midfielder,7.5
Pedro,Porro,Spurs,Defender,5.5
Sergio,Reguilón,Spurs,Defender,4.5
Richarlison,de Andrade,Spurs,Forward,7.0
Cristian,Romero,Spurs,Defender,5.0
Pape Matar,Sarr,Spurs,Midfielder,5.0
Dane,Scarlett,Spurs,Forward,4.5
Oliver,Skipp,Spurs,Midfielder,5.0
Manor,Solomon,Spurs,Midfielder,5.5
Son,Heung-min,Spurs,Midfielder,10.0
Djed,Spence,Spurs,Defender,4.5
Destiny,Udogie,Spurs,Defender,5.0
Micky,van de Ven,Spurs,Defender,4.5
Alejo,Véliz,Spurs,Forward,5.0
Guglielmo,Vicario,Spurs,Goalkeeper,5.0
Timo,Werner,Spurs,Midfielder,6.5
Alfie,Whiteman,Spurs,Goalkeeper,4.0
Edson,Álvarez Velázquez,West Ham,Midfielder,5.0
Michail,Antonio,West Ham,Forward,5.5
Alphonse,Areola,West Ham,Goalkeeper,4.5
Jarrod,Bowen,West Ham,Midfielder,7.5
Maxwel,Cornet,West Ham,Midfielder,5.0
Vladimír,Coufal,West Ham,Defender,4.5
Aaron,Cresswell,West Ham,Defender,4.0
George,Earthy,West Ham,Midfielder,4.5
Emerson,Palmieri dos Santos,West Ham,Defender,4.5
Łukasz,Fabiański,West Ham,Goalkeeper,4.0
Wes,Foderingham,West Ham,Goalkeeper,4.5
Danny,Ings,West Ham,Forward,5.0
Max,Kilman,West Ham,Defender,4.5
Mohammed,Kudus,West Ham,Midfielder,6.5
Luis Guilherme,Lira dos Santos,West Ham,Midfielder,5.0
Lucas,Tolentino Coelho de Lima,West Ham,Midfielder,6.0
Konstantinos,Mavropanos,West Ham,Defender,4.5
Nayef,Aguerd,West Ham,Defender,4.5
Tomáš,Souček,West Ham,Midfielder,5.0
James,Ward-Prowse,West Ham,Midfielder,6.5
Kurt,Zouma,West Ham,Defender,4.5
Rayan,Aït-Nouri,Wolves,Defender,4.5
Boubacar,Traoré,Wolves,Midfielder,5.0
Jean-Ricner,Bellegarde,Wolves,Midfielder,5.0
Daniel,Bentley,Wolves,Goalkeeper,4.0
Francisco Jorge,Tomás Oliveira,Wolves,Midfielder,4.5
Tawanda,Chirewa,Wolves,Midfielder,4.5
Leon,Chiwome,Wolves,Forward,4.5
Luke,Cundle,Wolves,Midfielder,4.5
Matheus,Santos Carneiro Da Cunha,Wolves,Forward,6.5
Craig,Dawson,Wolves,Defender,4.5
Matt,Doherty,Wolves,Defender,4.5
Tommy,Doyle,Wolves,Midfielder,5.0
Fábio,Silva,Wolves,Forward,5.0
Nathan,Fraser,Wolves,Forward,4.5
Enso,González,Wolves,Midfielder,4.5
Gonçalo Manuel,Ganchinho Guedes,Wolves,Midfielder,5.5
Hugo,Bueno López,Wolves,Defender,4.5
Hwang,Hee-chan,Wolves,Midfielder,6.5
Joe,Hodge,Wolves,Midfielder,4.5
Ki-Jana,Hoever,Wolves,Defender,4.0
João Victor,Gomes da Silva,Wolves,Midfielder,5.0
José,Malheiro de Sá,Wolves,Goalkeeper,4.5
Saša,Kalajdžić,Wolves,Forward,5.0
Tom,King,Wolves,Goalkeeper,4.0
Mario,Lemina,Wolves,Midfielder,5.0
Yerson,Mosquera,Wolves,Defender,4.0
Nélson,Cabral Semedo,Wolves,Defender,4.5
Pedro,Lomba Neto,Wolves,Midfielder,6.5
Pedro,Cardoso de Lima,Wolves,Defender,4.0
Daniel,Castelo Podence,Wolves,Midfielder,5.5
Rodrigo,Martins Gomes,Wolves,Midfielder,5.5
Santiago,Bueno,Wolves,Defender,4.5
Pablo,Sarabia,Wolves,Midfielder,5.5
Jørgen,Strand Larsen,Wolves,Forward,5.5
Toti António,Gomes,Wolves,Defender,4.5
